created_at,cutoff_date,iterations,early_stopping_rounds,depth,learning_rate,l2_leaf_reg,random_strength,accuracy,precision,recall,f1,roc_auc,brier
2025-11-13T15:01:14.286830+00:00,2025-05-25,500,100,5,0.03,3.0,1.0,0.6754385964912281,0.6764705882352942,0.7540983606557377,0.7131782945736435,0.7304361274358181,0.2124023653453005
2025-11-13T15:01:22.234498+00:00,2025-05-25,500,100,5,0.03,5.0,1.0,0.6403508771929824,0.65625,0.6885245901639344,0.672,0.7196102690999072,0.2127779718699488
2025-11-13T15:01:26.927104+00:00,2025-05-25,500,100,5,0.03,8.0,1.0,0.6754385964912281,0.6764705882352942,0.7540983606557377,0.7131782945736435,0.7301268171976492,0.21241026751172795
2025-11-13T15:01:35.968642+00:00,2025-05-25,500,100,5,0.04,3.0,1.0,0.6491228070175439,0.6567164179104478,0.7213114754098361,0.6875,0.7375502629137024,0.20851425178690713
2025-11-13T15:01:41.553701+00:00,2025-05-25,500,100,5,0.04,5.0,1.0,0.6578947368421053,0.6617647058823529,0.7377049180327869,0.6976744186046512,0.723012681719765,0.21224900820981607
2025-11-13T15:01:46.255337+00:00,2025-05-25,500,100,5,0.04,8.0,1.0,0.6842105263157895,0.676056338028169,0.7868852459016393,0.7272727272727273,0.7350757810083514,0.2108415776721478
2025-11-13T15:01:50.005273+00:00,2025-05-25,500,100,5,0.05,3.0,1.0,0.6666666666666666,0.6575342465753424,0.7868852459016393,0.7164179104477612,0.7347664707701824,0.209709689213208
2025-11-13T15:01:53.745954+00:00,2025-05-25,500,100,5,0.05,5.0,1.0,0.6754385964912281,0.6764705882352942,0.7540983606557377,0.7131782945736435,0.7295081967213115,0.21185184295950873
2025-11-13T15:01:57.124897+00:00,2025-05-25,500,100,5,0.05,8.0,1.0,0.6842105263157895,0.676056338028169,0.7868852459016393,0.7272727272727273,0.7295081967213115,0.21244914744605636
2025-11-13T15:02:07.946771+00:00,2025-05-25,500,100,8,0.03,3.0,1.0,0.6140350877192983,0.639344262295082,0.639344262295082,0.639344262295082,0.6982678626662543,0.21646816464400712
2025-11-13T15:02:16.325930+00:00,2025-05-25,500,100,8,0.03,5.0,1.0,0.6052631578947368,0.6333333333333333,0.6229508196721312,0.628099173553719,0.6973399319517476,0.21883494716372043
2025-11-13T15:02:23.814603+00:00,2025-05-25,500,100,8,0.03,8.0,1.0,0.6228070175438597,0.6551724137931034,0.6229508196721312,0.6386554621848739,0.7063099288586453,0.21788246205105566
2025-11-13T15:02:38.090309+00:00,2025-05-25,500,100,8,0.04,3.0,1.0,0.6666666666666666,0.6666666666666666,0.7540983606557377,0.7076923076923077,0.7131147540983607,0.21410670893032827
2025-11-13T15:02:42.964997+00:00,2025-05-25,500,100,8,0.04,5.0,1.0,0.6578947368421053,0.6774193548387096,0.6885245901639344,0.6829268292682927,0.7060006186204763,0.21790192079688128
2025-11-13T15:02:48.068423+00:00,2025-05-25,500,100,8,0.04,8.0,1.0,0.6140350877192983,0.6440677966101694,0.6229508196721312,0.6333333333333333,0.7140426848128674,0.21717960182133242
2025-11-13T15:02:52.800750+00:00,2025-05-25,500,100,8,0.05,3.0,1.0,0.6491228070175439,0.6842105263157895,0.639344262295082,0.6610169491525424,0.7186823383854005,0.21585722011710554
2025-11-13T15:02:57.324381+00:00,2025-05-25,500,100,8,0.05,5.0,1.0,0.6140350877192983,0.6440677966101694,0.6229508196721312,0.6333333333333333,0.7162078564800495,0.21911641325169995
2025-11-13T15:03:01.547634+00:00,2025-05-25,500,100,8,0.05,8.0,1.0,0.6666666666666666,0.6825396825396826,0.7049180327868853,0.6935483870967742,0.720228889576245,0.21837953354262596
2025-11-13T15:03:09.385898+00:00,2025-05-25,500,100,11,0.03,3.0,1.0,0.631578947368421,0.6507936507936508,0.6721311475409836,0.6612903225806451,0.6818744200433033,0.22454781784585956
2025-11-13T15:03:17.140448+00:00,2025-05-25,500,100,11,0.03,5.0,1.0,0.631578947368421,0.6666666666666666,0.6229508196721312,0.6440677966101694,0.6880606248066811,0.2227140792034309
2025-11-13T15:03:25.518381+00:00,2025-05-25,500,100,11,0.03,8.0,1.0,0.6491228070175439,0.6779661016949152,0.6557377049180327,0.6666666666666666,0.6772347664707701,0.22177841555149838
2025-11-13T15:03:33.167259+00:00,2025-05-25,500,100,11,0.04,3.0,1.0,0.6228070175438597,0.640625,0.6721311475409836,0.656,0.6753789050417569,0.22477208017757688
2025-11-13T15:03:50.156277+00:00,2025-05-25,500,100,11,0.04,5.0,1.0,0.5877192982456141,0.6206896551724138,0.5901639344262295,0.6050420168067226,0.6868233838540057,0.22307579932882765
2025-11-13T15:03:58.052303+00:00,2025-05-25,500,100,11,0.04,8.0,1.0,0.6403508771929824,0.6666666666666666,0.6557377049180327,0.6611570247933884,0.712186823383854,0.21906074961293692
2025-11-13T15:04:05.261353+00:00,2025-05-25,500,100,11,0.05,3.0,1.0,0.6228070175438597,0.640625,0.6721311475409836,0.656,0.6877513145685122,0.22217487141117728
2025-11-13T15:04:12.528527+00:00,2025-05-25,500,100,11,0.05,5.0,1.0,0.631578947368421,0.6507936507936508,0.6721311475409836,0.6612903225806451,0.6753789050417569,0.22586143112743248
2025-11-13T15:04:23.885916+00:00,2025-05-25,500,100,11,0.05,8.0,1.0,0.6052631578947368,0.625,0.6557377049180327,0.64,0.677853386947108,0.2217922424432376
2025-11-13T15:04:41.774076+00:00,2025-05-25,500,100,13,0.03,3.0,1.0,0.5877192982456141,0.6060606060606061,0.6557377049180327,0.6299212598425197,0.6314568512217754,0.23184272979191875
2025-11-13T15:05:04.505463+00:00,2025-05-25,500,100,13,0.03,5.0,1.0,0.6140350877192983,0.6307692307692307,0.6721311475409836,0.6507936507936508,0.6729044231364059,0.2244051667271465
2025-11-13T15:05:24.245577+00:00,2025-05-25,500,100,13,0.03,8.0,1.0,0.6228070175438597,0.640625,0.6721311475409836,0.656,0.7066192390968141,0.21838555172426286
2025-11-13T15:05:40.832425+00:00,2025-05-25,500,100,13,0.04,3.0,1.0,0.6140350877192983,0.6307692307692307,0.6721311475409836,0.6507936507936508,0.6741416640890814,0.22608342876750478
2025-11-13T15:05:55.963956+00:00,2025-05-25,500,100,13,0.04,5.0,1.0,0.6403508771929824,0.6515151515151515,0.7049180327868853,0.6771653543307087,0.6831116609959791,0.22508931634820378
2025-11-13T15:06:11.849387+00:00,2025-05-25,500,100,13,0.04,8.0,1.0,0.631578947368421,0.6461538461538462,0.6885245901639344,0.6666666666666666,0.68836993504485,0.22347845478140962
2025-11-13T15:06:29.851912+00:00,2025-05-25,500,100,13,0.05,3.0,1.0,0.6666666666666666,0.6666666666666666,0.7540983606557377,0.7076923076923077,0.6821837302814724,0.22518390899522983
2025-11-13T15:06:45.511056+00:00,2025-05-25,500,100,13,0.05,5.0,1.0,0.6052631578947368,0.6142857142857143,0.7049180327868853,0.6564885496183206,0.6880606248066811,0.22382101467655136
2025-11-13T15:07:02.548068+00:00,2025-05-25,500,100,13,0.05,8.0,1.0,0.631578947368421,0.6507936507936508,0.6721311475409836,0.6612903225806451,0.6673368388493658,0.22372028534205718
2025-11-13T15:07:09.045388+00:00,2025-05-25,500,200,5,0.03,3.0,1.0,0.6754385964912281,0.6764705882352942,0.7540983606557377,0.7131782945736435,0.7304361274358181,0.2124023653453005
2025-11-13T15:07:19.684387+00:00,2025-05-25,500,200,5,0.03,5.0,1.0,0.6052631578947368,0.6333333333333333,0.6229508196721312,0.628099173553719,0.7189916486235695,0.21305932335487038
2025-11-13T15:07:26.569814+00:00,2025-05-25,500,200,5,0.03,8.0,1.0,0.6754385964912281,0.6764705882352942,0.7540983606557377,0.7131782945736435,0.7301268171976492,0.21241026751172795
2025-11-13T15:07:37.255615+00:00,2025-05-25,500,200,5,0.04,3.0,1.0,0.6491228070175439,0.6567164179104478,0.7213114754098361,0.6875,0.7375502629137024,0.20851425178690713
2025-11-13T15:07:45.074849+00:00,2025-05-25,500,200,5,0.04,5.0,1.0,0.6578947368421053,0.6617647058823529,0.7377049180327869,0.6976744186046512,0.723012681719765,0.21224900820981607
2025-11-13T15:07:51.927718+00:00,2025-05-25,500,200,5,0.04,8.0,1.0,0.6842105263157895,0.676056338028169,0.7868852459016393,0.7272727272727273,0.7350757810083514,0.2108415776721478
2025-11-13T15:07:57.880024+00:00,2025-05-25,500,200,5,0.05,3.0,1.0,0.6666666666666666,0.6575342465753424,0.7868852459016393,0.7164179104477612,0.7347664707701824,0.209709689213208
2025-11-13T15:08:03.776464+00:00,2025-05-25,500,200,5,0.05,5.0,1.0,0.6754385964912281,0.6764705882352942,0.7540983606557377,0.7131782945736435,0.7295081967213115,0.21185184295950873
2025-11-13T15:08:09.286126+00:00,2025-05-25,500,200,5,0.05,8.0,1.0,0.6842105263157895,0.676056338028169,0.7868852459016393,0.7272727272727273,0.7295081967213115,0.21244914744605636
2025-11-13T15:08:23.752510+00:00,2025-05-25,500,200,8,0.03,3.0,1.0,0.6140350877192983,0.639344262295082,0.639344262295082,0.639344262295082,0.6982678626662543,0.21646816464400712
2025-11-13T15:08:36.006631+00:00,2025-05-25,500,200,8,0.03,5.0,1.0,0.6052631578947368,0.6333333333333333,0.6229508196721312,0.628099173553719,0.6973399319517476,0.21883494716372043
2025-11-13T15:08:47.181587+00:00,2025-05-25,500,200,8,0.03,8.0,1.0,0.6228070175438597,0.6551724137931034,0.6229508196721312,0.6386554621848739,0.7063099288586453,0.21788246205105566
2025-11-13T15:09:04.707998+00:00,2025-05-25,500,200,8,0.04,3.0,1.0,0.6666666666666666,0.6666666666666666,0.7540983606557377,0.7076923076923077,0.7131147540983607,0.21410670893032827
2025-11-13T15:09:13.142593+00:00,2025-05-25,500,200,8,0.04,5.0,1.0,0.6578947368421053,0.6774193548387096,0.6885245901639344,0.6829268292682927,0.7060006186204763,0.21790192079688128
2025-11-13T15:09:22.080937+00:00,2025-05-25,500,200,8,0.04,8.0,1.0,0.6140350877192983,0.6440677966101694,0.6229508196721312,0.6333333333333333,0.7140426848128674,0.21717960182133242
2025-11-13T15:09:30.553924+00:00,2025-05-25,500,200,8,0.05,3.0,1.0,0.6491228070175439,0.6842105263157895,0.639344262295082,0.6610169491525424,0.7186823383854005,0.21585722011710554
2025-11-13T15:09:38.906726+00:00,2025-05-25,500,200,8,0.05,5.0,1.0,0.6140350877192983,0.6440677966101694,0.6229508196721312,0.6333333333333333,0.7162078564800495,0.21911641325169995
2025-11-13T15:09:52.808306+00:00,2025-05-25,500,200,8,0.05,8.0,1.0,0.5877192982456141,0.609375,0.639344262295082,0.624,0.6948654500463964,0.21971275496193823
2025-11-13T15:10:07.220059+00:00,2025-05-25,500,200,11,0.03,3.0,1.0,0.631578947368421,0.6507936507936508,0.6721311475409836,0.6612903225806451,0.6818744200433033,0.22454781784585956
2025-11-13T15:10:21.375908+00:00,2025-05-25,500,200,11,0.03,5.0,1.0,0.631578947368421,0.6666666666666666,0.6229508196721312,0.6440677966101694,0.6880606248066811,0.2227140792034309
2025-11-13T15:10:36.269685+00:00,2025-05-25,500,200,11,0.03,8.0,1.0,0.6491228070175439,0.6779661016949152,0.6557377049180327,0.6666666666666666,0.6772347664707701,0.22177841555149838
2025-11-13T15:10:50.039263+00:00,2025-05-25,500,200,11,0.04,3.0,1.0,0.6228070175438597,0.640625,0.6721311475409836,0.656,0.6753789050417569,0.22477208017757688
2025-11-13T15:11:14.034699+00:00,2025-05-25,500,200,11,0.04,5.0,1.0,0.5877192982456141,0.6206896551724138,0.5901639344262295,0.6050420168067226,0.6868233838540057,0.22307579932882765
2025-11-13T15:11:28.322120+00:00,2025-05-25,500,200,11,0.04,8.0,1.0,0.6403508771929824,0.6666666666666666,0.6557377049180327,0.6611570247933884,0.712186823383854,0.21906074961293692
2025-11-13T15:11:42.014900+00:00,2025-05-25,500,200,11,0.05,3.0,1.0,0.6228070175438597,0.640625,0.6721311475409836,0.656,0.6877513145685122,0.22217487141117728
2025-11-13T15:11:55.675010+00:00,2025-05-25,500,200,11,0.05,5.0,1.0,0.631578947368421,0.6507936507936508,0.6721311475409836,0.6612903225806451,0.6753789050417569,0.22586143112743248
2025-11-13T15:12:13.305692+00:00,2025-05-25,500,200,11,0.05,8.0,1.0,0.6052631578947368,0.625,0.6557377049180327,0.64,0.677853386947108,0.2217922424432376
2025-11-13T15:12:43.442169+00:00,2025-05-25,500,200,13,0.03,3.0,1.0,0.5877192982456141,0.6060606060606061,0.6557377049180327,0.6299212598425197,0.6314568512217754,0.23184272979191875
2025-11-13T15:13:19.175208+00:00,2025-05-25,500,200,13,0.03,5.0,1.0,0.6140350877192983,0.6307692307692307,0.6721311475409836,0.6507936507936508,0.6729044231364059,0.2244051667271465
2025-11-13T15:13:52.244749+00:00,2025-05-25,500,200,13,0.03,8.0,1.0,0.6228070175438597,0.640625,0.6721311475409836,0.656,0.7066192390968141,0.21838555172426286
2025-11-13T15:14:21.972189+00:00,2025-05-25,500,200,13,0.04,3.0,1.0,0.6140350877192983,0.6307692307692307,0.6721311475409836,0.6507936507936508,0.6741416640890814,0.22608342876750478
2025-11-13T15:14:49.422380+00:00,2025-05-25,500,200,13,0.04,5.0,1.0,0.6403508771929824,0.6515151515151515,0.7049180327868853,0.6771653543307087,0.6831116609959791,0.22508931634820378
2025-11-13T15:15:19.417440+00:00,2025-05-25,500,200,13,0.04,8.0,1.0,0.631578947368421,0.6461538461538462,0.6885245901639344,0.6666666666666666,0.68836993504485,0.22347845478140962
2025-11-13T15:15:51.032601+00:00,2025-05-25,500,200,13,0.05,3.0,1.0,0.6666666666666666,0.6666666666666666,0.7540983606557377,0.7076923076923077,0.6821837302814724,0.22518390899522983
2025-11-13T15:16:19.991069+00:00,2025-05-25,500,200,13,0.05,5.0,1.0,0.6052631578947368,0.6142857142857143,0.7049180327868853,0.6564885496183206,0.6880606248066811,0.22382101467655136
2025-11-13T15:16:50.993369+00:00,2025-05-25,500,200,13,0.05,8.0,1.0,0.631578947368421,0.6507936507936508,0.6721311475409836,0.6612903225806451,0.6673368388493658,0.22372028534205718
2025-11-13T15:17:02.035803+00:00,2025-05-25,500,300,5,0.03,3.0,1.0,0.6228070175438597,0.6551724137931034,0.6229508196721312,0.6386554621848739,0.7239406124342715,0.2132747208119186
2025-11-13T15:17:13.299774+00:00,2025-05-25,500,300,5,0.03,5.0,1.0,0.6052631578947368,0.6333333333333333,0.6229508196721312,0.628099173553719,0.7189916486235695,0.21305932335487038
2025-11-13T15:17:23.238148+00:00,2025-05-25,500,300,5,0.03,8.0,1.0,0.6754385964912281,0.6764705882352942,0.7540983606557377,0.7131782945736435,0.7301268171976492,0.21241026751172795
2025-11-13T15:17:35.274177+00:00,2025-05-25,500,300,5,0.04,3.0,1.0,0.6491228070175439,0.6567164179104478,0.7213114754098361,0.6875,0.7375502629137024,0.20851425178690713
2025-11-13T15:17:46.337501+00:00,2025-05-25,500,300,5,0.04,5.0,1.0,0.6578947368421053,0.6617647058823529,0.7377049180327869,0.6976744186046512,0.723012681719765,0.21224900820981607
2025-11-13T15:17:56.266282+00:00,2025-05-25,500,300,5,0.04,8.0,1.0,0.6842105263157895,0.676056338028169,0.7868852459016393,0.7272727272727273,0.7350757810083514,0.2108415776721478
2025-11-13T15:18:05.216561+00:00,2025-05-25,500,300,5,0.05,3.0,1.0,0.6666666666666666,0.6575342465753424,0.7868852459016393,0.7164179104477612,0.7347664707701824,0.209709689213208
2025-11-13T15:18:14.069514+00:00,2025-05-25,500,300,5,0.05,5.0,1.0,0.6754385964912281,0.6764705882352942,0.7540983606557377,0.7131782945736435,0.7295081967213115,0.21185184295950873
2025-11-13T15:18:22.518796+00:00,2025-05-25,500,300,5,0.05,8.0,1.0,0.6842105263157895,0.676056338028169,0.7868852459016393,0.7272727272727273,0.7295081967213115,0.21244914744605636
2025-11-13T15:18:41.876462+00:00,2025-05-25,500,300,8,0.03,3.0,1.0,0.6140350877192983,0.639344262295082,0.639344262295082,0.639344262295082,0.6982678626662543,0.21646816464400712
2025-11-13T15:18:58.758845+00:00,2025-05-25,500,300,8,0.03,5.0,1.0,0.6052631578947368,0.6333333333333333,0.6229508196721312,0.628099173553719,0.6973399319517476,0.21883494716372043
2025-11-13T15:19:15.093092+00:00,2025-05-25,500,300,8,0.03,8.0,1.0,0.6228070175438597,0.6551724137931034,0.6229508196721312,0.6386554621848739,0.7063099288586453,0.21788246205105566
2025-11-13T15:19:34.003396+00:00,2025-05-25,500,300,8,0.04,3.0,1.0,0.6666666666666666,0.6666666666666666,0.7540983606557377,0.7076923076923077,0.7131147540983607,0.21410670893032827
2025-11-13T15:19:46.805890+00:00,2025-05-25,500,300,8,0.04,5.0,1.0,0.6578947368421053,0.6774193548387096,0.6885245901639344,0.6829268292682927,0.7060006186204763,0.21790192079688128
2025-11-13T15:19:59.810005+00:00,2025-05-25,500,300,8,0.04,8.0,1.0,0.6140350877192983,0.6440677966101694,0.6229508196721312,0.6333333333333333,0.7140426848128674,0.21717960182133242
2025-11-13T15:20:12.368810+00:00,2025-05-25,500,300,8,0.05,3.0,1.0,0.6491228070175439,0.6842105263157895,0.639344262295082,0.6610169491525424,0.7186823383854005,0.21585722011710554
2025-11-13T15:20:24.783051+00:00,2025-05-25,500,300,8,0.05,5.0,1.0,0.6140350877192983,0.6440677966101694,0.6229508196721312,0.6333333333333333,0.7162078564800495,0.21911641325169995
2025-11-13T15:20:42.718948+00:00,2025-05-25,500,300,8,0.05,8.0,1.0,0.5877192982456141,0.609375,0.639344262295082,0.624,0.6948654500463964,0.21971275496193823
2025-11-13T15:21:03.740060+00:00,2025-05-25,500,300,11,0.03,3.0,1.0,0.631578947368421,0.6507936507936508,0.6721311475409836,0.6612903225806451,0.6818744200433033,0.22454781784585956
2025-11-13T15:21:24.237416+00:00,2025-05-25,500,300,11,0.03,5.0,1.0,0.631578947368421,0.6666666666666666,0.6229508196721312,0.6440677966101694,0.6880606248066811,0.2227140792034309
2025-11-13T15:21:45.920333+00:00,2025-05-25,500,300,11,0.03,8.0,1.0,0.6491228070175439,0.6779661016949152,0.6557377049180327,0.6666666666666666,0.6772347664707701,0.22177841555149838
2025-11-13T15:22:05.978023+00:00,2025-05-25,500,300,11,0.04,3.0,1.0,0.6228070175438597,0.640625,0.6721311475409836,0.656,0.6753789050417569,0.22477208017757688
2025-11-13T15:22:36.581449+00:00,2025-05-25,500,300,11,0.04,5.0,1.0,0.5877192982456141,0.6206896551724138,0.5901639344262295,0.6050420168067226,0.6868233838540057,0.22307579932882765
2025-11-13T15:22:56.866108+00:00,2025-05-25,500,300,11,0.04,8.0,1.0,0.6403508771929824,0.6666666666666666,0.6557377049180327,0.6611570247933884,0.712186823383854,0.21906074961293692
2025-11-13T15:23:17.181564+00:00,2025-05-25,500,300,11,0.05,3.0,1.0,0.6228070175438597,0.640625,0.6721311475409836,0.656,0.6877513145685122,0.22217487141117728
2025-11-13T15:23:37.728463+00:00,2025-05-25,500,300,11,0.05,5.0,1.0,0.631578947368421,0.6507936507936508,0.6721311475409836,0.6612903225806451,0.6753789050417569,0.22586143112743248
2025-11-13T15:24:01.947244+00:00,2025-05-25,500,300,11,0.05,8.0,1.0,0.6052631578947368,0.625,0.6557377049180327,0.64,0.677853386947108,0.2217922424432376
2025-11-13T15:24:46.089511+00:00,2025-05-25,500,300,13,0.03,3.0,1.0,0.5877192982456141,0.6060606060606061,0.6557377049180327,0.6299212598425197,0.6314568512217754,0.23184272979191875
2025-11-13T15:25:36.840786+00:00,2025-05-25,500,300,13,0.03,5.0,1.0,0.6140350877192983,0.6307692307692307,0.6721311475409836,0.6507936507936508,0.6729044231364059,0.2244051667271465
2025-11-13T15:26:25.082149+00:00,2025-05-25,500,300,13,0.03,8.0,1.0,0.6228070175438597,0.640625,0.6721311475409836,0.656,0.7066192390968141,0.21838555172426286
2025-11-13T15:27:09.809565+00:00,2025-05-25,500,300,13,0.04,3.0,1.0,0.6140350877192983,0.6307692307692307,0.6721311475409836,0.6507936507936508,0.6741416640890814,0.22608342876750478
2025-11-13T15:27:52.191385+00:00,2025-05-25,500,300,13,0.04,5.0,1.0,0.6403508771929824,0.6515151515151515,0.7049180327868853,0.6771653543307087,0.6831116609959791,0.22508931634820378
2025-11-13T15:28:36.211040+00:00,2025-05-25,500,300,13,0.04,8.0,1.0,0.631578947368421,0.6461538461538462,0.6885245901639344,0.6666666666666666,0.68836993504485,0.22347845478140962
2025-11-13T15:29:22.147609+00:00,2025-05-25,500,300,13,0.05,3.0,1.0,0.6666666666666666,0.6666666666666666,0.7540983606557377,0.7076923076923077,0.6821837302814724,0.22518390899522983
2025-11-13T15:30:05.645947+00:00,2025-05-25,500,300,13,0.05,5.0,1.0,0.6052631578947368,0.6142857142857143,0.7049180327868853,0.6564885496183206,0.6880606248066811,0.22382101467655136
2025-11-13T15:30:50.905239+00:00,2025-05-25,500,300,13,0.05,8.0,1.0,0.631578947368421,0.6507936507936508,0.6721311475409836,0.6612903225806451,0.6673368388493658,0.22372028534205718
2025-11-13T15:30:55.465449+00:00,2025-05-25,1000,100,5,0.03,3.0,1.0,0.6754385964912281,0.6764705882352942,0.7540983606557377,0.7131782945736435,0.7304361274358181,0.2124023653453005
2025-11-13T15:31:03.560182+00:00,2025-05-25,1000,100,5,0.03,5.0,1.0,0.6403508771929824,0.65625,0.6885245901639344,0.672,0.7196102690999072,0.2127779718699488
2025-11-13T15:31:08.236300+00:00,2025-05-25,1000,100,5,0.03,8.0,1.0,0.6754385964912281,0.6764705882352942,0.7540983606557377,0.7131782945736435,0.7301268171976492,0.21241026751172795
2025-11-13T15:31:17.645966+00:00,2025-05-25,1000,100,5,0.04,3.0,1.0,0.6491228070175439,0.6567164179104478,0.7213114754098361,0.6875,0.7375502629137024,0.20851425178690713
2025-11-13T15:31:23.511763+00:00,2025-05-25,1000,100,5,0.04,5.0,1.0,0.6578947368421053,0.6617647058823529,0.7377049180327869,0.6976744186046512,0.723012681719765,0.21224900820981607
2025-11-13T15:31:28.717293+00:00,2025-05-25,1000,100,5,0.04,8.0,1.0,0.6842105263157895,0.676056338028169,0.7868852459016393,0.7272727272727273,0.7350757810083514,0.2108415776721478
2025-11-13T15:31:32.687125+00:00,2025-05-25,1000,100,5,0.05,3.0,1.0,0.6666666666666666,0.6575342465753424,0.7868852459016393,0.7164179104477612,0.7347664707701824,0.209709689213208
2025-11-13T15:31:36.641406+00:00,2025-05-25,1000,100,5,0.05,5.0,1.0,0.6754385964912281,0.6764705882352942,0.7540983606557377,0.7131782945736435,0.7295081967213115,0.21185184295950873
2025-11-13T15:31:40.222091+00:00,2025-05-25,1000,100,5,0.05,8.0,1.0,0.6842105263157895,0.676056338028169,0.7868852459016393,0.7272727272727273,0.7295081967213115,0.21244914744605636
2025-11-13T15:31:51.631751+00:00,2025-05-25,1000,100,8,0.03,3.0,1.0,0.6140350877192983,0.639344262295082,0.639344262295082,0.639344262295082,0.6982678626662543,0.21646816464400712
2025-11-13T15:32:00.487957+00:00,2025-05-25,1000,100,8,0.03,5.0,1.0,0.6052631578947368,0.6333333333333333,0.6229508196721312,0.628099173553719,0.6973399319517476,0.21883494716372043
2025-11-13T15:32:08.453514+00:00,2025-05-25,1000,100,8,0.03,8.0,1.0,0.6228070175438597,0.6551724137931034,0.6229508196721312,0.6386554621848739,0.7063099288586453,0.21788246205105566
2025-11-13T15:32:23.329869+00:00,2025-05-25,1000,100,8,0.04,3.0,1.0,0.6666666666666666,0.6666666666666666,0.7540983606557377,0.7076923076923077,0.7131147540983607,0.21410670893032827
2025-11-13T15:32:28.849168+00:00,2025-05-25,1000,100,8,0.04,5.0,1.0,0.6578947368421053,0.6774193548387096,0.6885245901639344,0.6829268292682927,0.7060006186204763,0.21790192079688128
2025-11-13T15:32:34.272128+00:00,2025-05-25,1000,100,8,0.04,8.0,1.0,0.6140350877192983,0.6440677966101694,0.6229508196721312,0.6333333333333333,0.7140426848128674,0.21717960182133242
2025-11-13T15:32:39.259268+00:00,2025-05-25,1000,100,8,0.05,3.0,1.0,0.6491228070175439,0.6842105263157895,0.639344262295082,0.6610169491525424,0.7186823383854005,0.21585722011710554
2025-11-13T15:32:44.124953+00:00,2025-05-25,1000,100,8,0.05,5.0,1.0,0.6140350877192983,0.6440677966101694,0.6229508196721312,0.6333333333333333,0.7162078564800495,0.21911641325169995
2025-11-13T15:32:48.624793+00:00,2025-05-25,1000,100,8,0.05,8.0,1.0,0.6666666666666666,0.6825396825396826,0.7049180327868853,0.6935483870967742,0.720228889576245,0.21837953354262596
2025-11-13T15:32:57.119360+00:00,2025-05-25,1000,100,11,0.03,3.0,1.0,0.631578947368421,0.6507936507936508,0.6721311475409836,0.6612903225806451,0.6818744200433033,0.22454781784585956
2025-11-13T15:33:05.439244+00:00,2025-05-25,1000,100,11,0.03,5.0,1.0,0.631578947368421,0.6666666666666666,0.6229508196721312,0.6440677966101694,0.6880606248066811,0.2227140792034309
2025-11-13T15:33:14.219529+00:00,2025-05-25,1000,100,11,0.03,8.0,1.0,0.6491228070175439,0.6779661016949152,0.6557377049180327,0.6666666666666666,0.6772347664707701,0.22177841555149838
2025-11-13T15:33:21.927332+00:00,2025-05-25,1000,100,11,0.04,3.0,1.0,0.6228070175438597,0.640625,0.6721311475409836,0.656,0.6753789050417569,0.22477208017757688
2025-11-13T15:33:39.682206+00:00,2025-05-25,1000,100,11,0.04,5.0,1.0,0.5877192982456141,0.6206896551724138,0.5901639344262295,0.6050420168067226,0.6868233838540057,0.22307579932882765
2025-11-13T15:33:47.765200+00:00,2025-05-25,1000,100,11,0.04,8.0,1.0,0.6403508771929824,0.6666666666666666,0.6557377049180327,0.6611570247933884,0.712186823383854,0.21906074961293692
2025-11-13T15:33:55.264830+00:00,2025-05-25,1000,100,11,0.05,3.0,1.0,0.6228070175438597,0.640625,0.6721311475409836,0.656,0.6877513145685122,0.22217487141117728
2025-11-13T15:34:02.803912+00:00,2025-05-25,1000,100,11,0.05,5.0,1.0,0.631578947368421,0.6507936507936508,0.6721311475409836,0.6612903225806451,0.6753789050417569,0.22586143112743248
2025-11-13T15:34:14.341655+00:00,2025-05-25,1000,100,11,0.05,8.0,1.0,0.6052631578947368,0.625,0.6557377049180327,0.64,0.677853386947108,0.2217922424432376
2025-11-13T15:34:32.232370+00:00,2025-05-25,1000,100,13,0.03,3.0,1.0,0.5877192982456141,0.6060606060606061,0.6557377049180327,0.6299212598425197,0.6314568512217754,0.23184272979191875
2025-11-13T15:34:55.334224+00:00,2025-05-25,1000,100,13,0.03,5.0,1.0,0.6140350877192983,0.6307692307692307,0.6721311475409836,0.6507936507936508,0.6729044231364059,0.2244051667271465
2025-11-13T15:35:15.579316+00:00,2025-05-25,1000,100,13,0.03,8.0,1.0,0.6228070175438597,0.640625,0.6721311475409836,0.656,0.7066192390968141,0.21838555172426286
2025-11-13T15:35:32.368921+00:00,2025-05-25,1000,100,13,0.04,3.0,1.0,0.6140350877192983,0.6307692307692307,0.6721311475409836,0.6507936507936508,0.6741416640890814,0.22608342876750478
2025-11-13T15:35:47.691788+00:00,2025-05-25,1000,100,13,0.04,5.0,1.0,0.6403508771929824,0.6515151515151515,0.7049180327868853,0.6771653543307087,0.6831116609959791,0.22508931634820378
2025-11-13T15:36:04.047570+00:00,2025-05-25,1000,100,13,0.04,8.0,1.0,0.631578947368421,0.6461538461538462,0.6885245901639344,0.6666666666666666,0.68836993504485,0.22347845478140962
2025-11-13T15:36:21.830419+00:00,2025-05-25,1000,100,13,0.05,3.0,1.0,0.6666666666666666,0.6666666666666666,0.7540983606557377,0.7076923076923077,0.6821837302814724,0.22518390899522983
2025-11-13T15:36:37.957159+00:00,2025-05-25,1000,100,13,0.05,5.0,1.0,0.6052631578947368,0.6142857142857143,0.7049180327868853,0.6564885496183206,0.6880606248066811,0.22382101467655136
2025-11-13T15:36:55.207130+00:00,2025-05-25,1000,100,13,0.05,8.0,1.0,0.631578947368421,0.6507936507936508,0.6721311475409836,0.6612903225806451,0.6673368388493658,0.22372028534205718
2025-11-13T15:37:02.025978+00:00,2025-05-25,1000,200,5,0.03,3.0,1.0,0.6754385964912281,0.6764705882352942,0.7540983606557377,0.7131782945736435,0.7304361274358181,0.2124023653453005
2025-11-13T15:37:16.890724+00:00,2025-05-25,1000,200,5,0.03,5.0,1.0,0.6052631578947368,0.6333333333333333,0.6229508196721312,0.628099173553719,0.7189916486235695,0.21305932335487038
2025-11-13T15:37:23.802111+00:00,2025-05-25,1000,200,5,0.03,8.0,1.0,0.6754385964912281,0.6764705882352942,0.7540983606557377,0.7131782945736435,0.7301268171976492,0.21241026751172795
2025-11-13T15:37:35.704974+00:00,2025-05-25,1000,200,5,0.04,3.0,1.0,0.6491228070175439,0.6567164179104478,0.7213114754098361,0.6875,0.7375502629137024,0.20851425178690713
2025-11-13T15:37:43.786663+00:00,2025-05-25,1000,200,5,0.04,5.0,1.0,0.6578947368421053,0.6617647058823529,0.7377049180327869,0.6976744186046512,0.723012681719765,0.21224900820981607
2025-11-13T15:37:50.904767+00:00,2025-05-25,1000,200,5,0.04,8.0,1.0,0.6842105263157895,0.676056338028169,0.7868852459016393,0.7272727272727273,0.7350757810083514,0.2108415776721478
2025-11-13T15:37:57.046346+00:00,2025-05-25,1000,200,5,0.05,3.0,1.0,0.6666666666666666,0.6575342465753424,0.7868852459016393,0.7164179104477612,0.7347664707701824,0.209709689213208
2025-11-13T15:38:03.104289+00:00,2025-05-25,1000,200,5,0.05,5.0,1.0,0.6754385964912281,0.6764705882352942,0.7540983606557377,0.7131782945736435,0.7295081967213115,0.21185184295950873
2025-11-13T15:38:08.741080+00:00,2025-05-25,1000,200,5,0.05,8.0,1.0,0.6842105263157895,0.676056338028169,0.7868852459016393,0.7272727272727273,0.7295081967213115,0.21244914744605636
2025-11-13T15:38:23.607746+00:00,2025-05-25,1000,200,8,0.03,3.0,1.0,0.6140350877192983,0.639344262295082,0.639344262295082,0.639344262295082,0.6982678626662543,0.21646816464400712
2025-11-13T15:38:36.053302+00:00,2025-05-25,1000,200,8,0.03,5.0,1.0,0.6052631578947368,0.6333333333333333,0.6229508196721312,0.628099173553719,0.6973399319517476,0.21883494716372043
2025-11-13T15:38:47.396823+00:00,2025-05-25,1000,200,8,0.03,8.0,1.0,0.6228070175438597,0.6551724137931034,0.6229508196721312,0.6386554621848739,0.7063099288586453,0.21788246205105566
2025-11-13T15:39:05.675975+00:00,2025-05-25,1000,200,8,0.04,3.0,1.0,0.6666666666666666,0.6666666666666666,0.7540983606557377,0.7076923076923077,0.7131147540983607,0.21410670893032827
2025-11-13T15:39:14.305102+00:00,2025-05-25,1000,200,8,0.04,5.0,1.0,0.6578947368421053,0.6774193548387096,0.6885245901639344,0.6829268292682927,0.7060006186204763,0.21790192079688128
2025-11-13T15:39:23.413079+00:00,2025-05-25,1000,200,8,0.04,8.0,1.0,0.6140350877192983,0.6440677966101694,0.6229508196721312,0.6333333333333333,0.7140426848128674,0.21717960182133242
2025-11-13T15:39:32.069916+00:00,2025-05-25,1000,200,8,0.05,3.0,1.0,0.6491228070175439,0.6842105263157895,0.639344262295082,0.6610169491525424,0.7186823383854005,0.21585722011710554
2025-11-13T15:39:40.546227+00:00,2025-05-25,1000,200,8,0.05,5.0,1.0,0.6140350877192983,0.6440677966101694,0.6229508196721312,0.6333333333333333,0.7162078564800495,0.21911641325169995
2025-11-13T15:39:54.579714+00:00,2025-05-25,1000,200,8,0.05,8.0,1.0,0.5877192982456141,0.609375,0.639344262295082,0.624,0.6948654500463964,0.21971275496193823
2025-11-13T15:40:09.151520+00:00,2025-05-25,1000,200,11,0.03,3.0,1.0,0.631578947368421,0.6507936507936508,0.6721311475409836,0.6612903225806451,0.6818744200433033,0.22454781784585956
2025-11-13T15:40:23.483318+00:00,2025-05-25,1000,200,11,0.03,5.0,1.0,0.631578947368421,0.6666666666666666,0.6229508196721312,0.6440677966101694,0.6880606248066811,0.2227140792034309
2025-11-13T15:40:38.274979+00:00,2025-05-25,1000,200,11,0.03,8.0,1.0,0.6491228070175439,0.6779661016949152,0.6557377049180327,0.6666666666666666,0.6772347664707701,0.22177841555149838
2025-11-13T15:40:52.252436+00:00,2025-05-25,1000,200,11,0.04,3.0,1.0,0.6228070175438597,0.640625,0.6721311475409836,0.656,0.6753789050417569,0.22477208017757688
2025-11-13T15:41:16.093024+00:00,2025-05-25,1000,200,11,0.04,5.0,1.0,0.5877192982456141,0.6206896551724138,0.5901639344262295,0.6050420168067226,0.6868233838540057,0.22307579932882765
2025-11-13T15:41:30.324164+00:00,2025-05-25,1000,200,11,0.04,8.0,1.0,0.6403508771929824,0.6666666666666666,0.6557377049180327,0.6611570247933884,0.712186823383854,0.21906074961293692
2025-11-13T15:41:43.966035+00:00,2025-05-25,1000,200,11,0.05,3.0,1.0,0.6228070175438597,0.640625,0.6721311475409836,0.656,0.6877513145685122,0.22217487141117728
2025-11-13T15:41:57.720742+00:00,2025-05-25,1000,200,11,0.05,5.0,1.0,0.631578947368421,0.6507936507936508,0.6721311475409836,0.6612903225806451,0.6753789050417569,0.22586143112743248
2025-11-13T15:42:15.398197+00:00,2025-05-25,1000,200,11,0.05,8.0,1.0,0.6052631578947368,0.625,0.6557377049180327,0.64,0.677853386947108,0.2217922424432376
2025-11-13T15:42:45.680558+00:00,2025-05-25,1000,200,13,0.03,3.0,1.0,0.5877192982456141,0.6060606060606061,0.6557377049180327,0.6299212598425197,0.6314568512217754,0.23184272979191875
2025-11-13T15:43:22.914443+00:00,2025-05-25,1000,200,13,0.03,5.0,1.0,0.6140350877192983,0.6307692307692307,0.6721311475409836,0.6507936507936508,0.6729044231364059,0.2244051667271465
2025-11-13T15:43:56.484435+00:00,2025-05-25,1000,200,13,0.03,8.0,1.0,0.6228070175438597,0.640625,0.6721311475409836,0.656,0.7066192390968141,0.21838555172426286
2025-11-13T15:44:26.670914+00:00,2025-05-25,1000,200,13,0.04,3.0,1.0,0.6140350877192983,0.6307692307692307,0.6721311475409836,0.6507936507936508,0.6741416640890814,0.22608342876750478
2025-11-13T15:44:54.311012+00:00,2025-05-25,1000,200,13,0.04,5.0,1.0,0.6403508771929824,0.6515151515151515,0.7049180327868853,0.6771653543307087,0.6831116609959791,0.22508931634820378
2025-11-13T15:45:23.743786+00:00,2025-05-25,1000,200,13,0.04,8.0,1.0,0.631578947368421,0.6461538461538462,0.6885245901639344,0.6666666666666666,0.68836993504485,0.22347845478140962
2025-11-13T15:45:55.818430+00:00,2025-05-25,1000,200,13,0.05,3.0,1.0,0.6666666666666666,0.6666666666666666,0.7540983606557377,0.7076923076923077,0.6821837302814724,0.22518390899522983
2025-11-13T15:46:24.975640+00:00,2025-05-25,1000,200,13,0.05,5.0,1.0,0.6052631578947368,0.6142857142857143,0.7049180327868853,0.6564885496183206,0.6880606248066811,0.22382101467655136
2025-11-13T15:46:55.879298+00:00,2025-05-25,1000,200,13,0.05,8.0,1.0,0.631578947368421,0.6507936507936508,0.6721311475409836,0.6612903225806451,0.6673368388493658,0.22372028534205718
2025-11-13T15:47:11.206927+00:00,2025-05-25,1000,300,5,0.03,3.0,1.0,0.6228070175438597,0.6551724137931034,0.6229508196721312,0.6386554621848739,0.7239406124342715,0.2132747208119186
2025-11-13T15:47:28.810789+00:00,2025-05-25,1000,300,5,0.03,5.0,1.0,0.6052631578947368,0.6333333333333333,0.6229508196721312,0.628099173553719,0.7189916486235695,0.21305932335487038
2025-11-13T15:47:38.059885+00:00,2025-05-25,1000,300,5,0.03,8.0,1.0,0.6754385964912281,0.6764705882352942,0.7540983606557377,0.7131782945736435,0.7301268171976492,0.21241026751172795
2025-11-13T15:47:52.020386+00:00,2025-05-25,1000,300,5,0.04,3.0,1.0,0.6491228070175439,0.6567164179104478,0.7213114754098361,0.6875,0.7375502629137024,0.20851425178690713
2025-11-13T15:48:02.530925+00:00,2025-05-25,1000,300,5,0.04,5.0,1.0,0.6578947368421053,0.6617647058823529,0.7377049180327869,0.6976744186046512,0.723012681719765,0.21224900820981607
2025-11-13T15:48:12.037829+00:00,2025-05-25,1000,300,5,0.04,8.0,1.0,0.6842105263157895,0.676056338028169,0.7868852459016393,0.7272727272727273,0.7350757810083514,0.2108415776721478
2025-11-13T15:48:20.468657+00:00,2025-05-25,1000,300,5,0.05,3.0,1.0,0.6666666666666666,0.6575342465753424,0.7868852459016393,0.7164179104477612,0.7347664707701824,0.209709689213208
2025-11-13T15:48:29.082455+00:00,2025-05-25,1000,300,5,0.05,5.0,1.0,0.6754385964912281,0.6764705882352942,0.7540983606557377,0.7131782945736435,0.7295081967213115,0.21185184295950873
2025-11-13T15:48:37.015867+00:00,2025-05-25,1000,300,5,0.05,8.0,1.0,0.6842105263157895,0.676056338028169,0.7868852459016393,0.7272727272727273,0.7295081967213115,0.21244914744605636
2025-11-13T15:48:55.901484+00:00,2025-05-25,1000,300,8,0.03,3.0,1.0,0.6140350877192983,0.639344262295082,0.639344262295082,0.639344262295082,0.6982678626662543,0.21646816464400712
2025-11-13T15:49:11.997703+00:00,2025-05-25,1000,300,8,0.03,5.0,1.0,0.6052631578947368,0.6333333333333333,0.6229508196721312,0.628099173553719,0.6973399319517476,0.21883494716372043
2025-11-13T15:49:27.371670+00:00,2025-05-25,1000,300,8,0.03,8.0,1.0,0.6228070175438597,0.6551724137931034,0.6229508196721312,0.6386554621848739,0.7063099288586453,0.21788246205105566
2025-11-13T15:49:49.736943+00:00,2025-05-25,1000,300,8,0.04,3.0,1.0,0.6666666666666666,0.6666666666666666,0.7540983606557377,0.7076923076923077,0.7131147540983607,0.21410670893032827
2025-11-13T15:50:02.155111+00:00,2025-05-25,1000,300,8,0.04,5.0,1.0,0.6578947368421053,0.6774193548387096,0.6885245901639344,0.6829268292682927,0.7060006186204763,0.21790192079688128
2025-11-13T15:50:14.939936+00:00,2025-05-25,1000,300,8,0.04,8.0,1.0,0.6140350877192983,0.6440677966101694,0.6229508196721312,0.6333333333333333,0.7140426848128674,0.21717960182133242
2025-11-13T15:50:27.478417+00:00,2025-05-25,1000,300,8,0.05,3.0,1.0,0.6491228070175439,0.6842105263157895,0.639344262295082,0.6610169491525424,0.7186823383854005,0.21585722011710554
2025-11-13T15:50:39.923561+00:00,2025-05-25,1000,300,8,0.05,5.0,1.0,0.6140350877192983,0.6440677966101694,0.6229508196721312,0.6333333333333333,0.7162078564800495,0.21911641325169995
2025-11-13T15:50:58.252885+00:00,2025-05-25,1000,300,8,0.05,8.0,1.0,0.5877192982456141,0.609375,0.639344262295082,0.624,0.6948654500463964,0.21971275496193823
2025-11-13T15:51:19.281494+00:00,2025-05-25,1000,300,11,0.03,3.0,1.0,0.631578947368421,0.6507936507936508,0.6721311475409836,0.6612903225806451,0.6818744200433033,0.22454781784585956
2025-11-13T15:51:40.141314+00:00,2025-05-25,1000,300,11,0.03,5.0,1.0,0.631578947368421,0.6666666666666666,0.6229508196721312,0.6440677966101694,0.6880606248066811,0.2227140792034309
2025-11-13T15:52:01.330654+00:00,2025-05-25,1000,300,11,0.03,8.0,1.0,0.6491228070175439,0.6779661016949152,0.6557377049180327,0.6666666666666666,0.6772347664707701,0.22177841555149838
2025-11-13T15:52:21.297067+00:00,2025-05-25,1000,300,11,0.04,3.0,1.0,0.6228070175438597,0.640625,0.6721311475409836,0.656,0.6753789050417569,0.22477208017757688
2025-11-13T15:52:51.855383+00:00,2025-05-25,1000,300,11,0.04,5.0,1.0,0.5877192982456141,0.6206896551724138,0.5901639344262295,0.6050420168067226,0.6868233838540057,0.22307579932882765
2025-11-13T15:53:12.242078+00:00,2025-05-25,1000,300,11,0.04,8.0,1.0,0.6403508771929824,0.6666666666666666,0.6557377049180327,0.6611570247933884,0.712186823383854,0.21906074961293692
2025-11-13T15:53:32.701083+00:00,2025-05-25,1000,300,11,0.05,3.0,1.0,0.6228070175438597,0.640625,0.6721311475409836,0.656,0.6877513145685122,0.22217487141117728
2025-11-13T15:53:52.791975+00:00,2025-05-25,1000,300,11,0.05,5.0,1.0,0.631578947368421,0.6507936507936508,0.6721311475409836,0.6612903225806451,0.6753789050417569,0.22586143112743248
2025-11-13T15:54:17.176521+00:00,2025-05-25,1000,300,11,0.05,8.0,1.0,0.6052631578947368,0.625,0.6557377049180327,0.64,0.677853386947108,0.2217922424432376
2025-11-13T15:55:03.848732+00:00,2025-05-25,1000,300,13,0.03,3.0,1.0,0.5877192982456141,0.6060606060606061,0.6557377049180327,0.6299212598425197,0.6314568512217754,0.23184272979191875
2025-11-13T15:55:57.375475+00:00,2025-05-25,1000,300,13,0.03,5.0,1.0,0.6140350877192983,0.6307692307692307,0.6721311475409836,0.6507936507936508,0.6729044231364059,0.2244051667271465
2025-11-13T15:56:46.552682+00:00,2025-05-25,1000,300,13,0.03,8.0,1.0,0.6228070175438597,0.640625,0.6721311475409836,0.656,0.7066192390968141,0.21838555172426286
2025-11-13T15:57:31.861251+00:00,2025-05-25,1000,300,13,0.04,3.0,1.0,0.6140350877192983,0.6307692307692307,0.6721311475409836,0.6507936507936508,0.6741416640890814,0.22608342876750478
2025-11-13T15:58:14.202604+00:00,2025-05-25,1000,300,13,0.04,5.0,1.0,0.6403508771929824,0.6515151515151515,0.7049180327868853,0.6771653543307087,0.6831116609959791,0.22508931634820378
2025-11-13T15:58:58.326258+00:00,2025-05-25,1000,300,13,0.04,8.0,1.0,0.631578947368421,0.6461538461538462,0.6885245901639344,0.6666666666666666,0.68836993504485,0.22347845478140962
2025-11-13T15:59:45.228543+00:00,2025-05-25,1000,300,13,0.05,3.0,1.0,0.6666666666666666,0.6666666666666666,0.7540983606557377,0.7076923076923077,0.6821837302814724,0.22518390899522983
2025-11-13T16:00:29.111736+00:00,2025-05-25,1000,300,13,0.05,5.0,1.0,0.6052631578947368,0.6142857142857143,0.7049180327868853,0.6564885496183206,0.6880606248066811,0.22382101467655136
2025-11-13T16:01:14.196257+00:00,2025-05-25,1000,300,13,0.05,8.0,1.0,0.631578947368421,0.6507936507936508,0.6721311475409836,0.6612903225806451,0.6673368388493658,0.22372028534205718
2025-11-13T16:01:18.793461+00:00,2025-05-25,1500,100,5,0.03,3.0,1.0,0.6754385964912281,0.6764705882352942,0.7540983606557377,0.7131782945736435,0.7304361274358181,0.2124023653453005
2025-11-13T16:01:27.144741+00:00,2025-05-25,1500,100,5,0.03,5.0,1.0,0.6403508771929824,0.65625,0.6885245901639344,0.672,0.7196102690999072,0.2127779718699488
2025-11-13T16:01:32.095834+00:00,2025-05-25,1500,100,5,0.03,8.0,1.0,0.6754385964912281,0.6764705882352942,0.7540983606557377,0.7131782945736435,0.7301268171976492,0.21241026751172795
2025-11-13T16:01:41.621178+00:00,2025-05-25,1500,100,5,0.04,3.0,1.0,0.6491228070175439,0.6567164179104478,0.7213114754098361,0.6875,0.7375502629137024,0.20851425178690713
2025-11-13T16:01:47.581121+00:00,2025-05-25,1500,100,5,0.04,5.0,1.0,0.6578947368421053,0.6617647058823529,0.7377049180327869,0.6976744186046512,0.723012681719765,0.21224900820981607
2025-11-13T16:01:52.610705+00:00,2025-05-25,1500,100,5,0.04,8.0,1.0,0.6842105263157895,0.676056338028169,0.7868852459016393,0.7272727272727273,0.7350757810083514,0.2108415776721478
2025-11-13T16:01:56.580021+00:00,2025-05-25,1500,100,5,0.05,3.0,1.0,0.6666666666666666,0.6575342465753424,0.7868852459016393,0.7164179104477612,0.7347664707701824,0.209709689213208
2025-11-13T16:02:00.558513+00:00,2025-05-25,1500,100,5,0.05,5.0,1.0,0.6754385964912281,0.6764705882352942,0.7540983606557377,0.7131782945736435,0.7295081967213115,0.21185184295950873
2025-11-13T16:02:04.101170+00:00,2025-05-25,1500,100,5,0.05,8.0,1.0,0.6842105263157895,0.676056338028169,0.7868852459016393,0.7272727272727273,0.7295081967213115,0.21244914744605636
2025-11-13T16:02:15.580347+00:00,2025-05-25,1500,100,8,0.03,3.0,1.0,0.6140350877192983,0.639344262295082,0.639344262295082,0.639344262295082,0.6982678626662543,0.21646816464400712
2025-11-13T16:02:24.419512+00:00,2025-05-25,1500,100,8,0.03,5.0,1.0,0.6052631578947368,0.6333333333333333,0.6229508196721312,0.628099173553719,0.6973399319517476,0.21883494716372043
2025-11-13T16:02:32.702887+00:00,2025-05-25,1500,100,8,0.03,8.0,1.0,0.6228070175438597,0.6551724137931034,0.6229508196721312,0.6386554621848739,0.7063099288586453,0.21788246205105566
2025-11-13T16:02:47.703492+00:00,2025-05-25,1500,100,8,0.04,3.0,1.0,0.6666666666666666,0.6666666666666666,0.7540983606557377,0.7076923076923077,0.7131147540983607,0.21410670893032827
2025-11-13T16:02:52.939680+00:00,2025-05-25,1500,100,8,0.04,5.0,1.0,0.6578947368421053,0.6774193548387096,0.6885245901639344,0.6829268292682927,0.7060006186204763,0.21790192079688128
2025-11-13T16:02:58.406770+00:00,2025-05-25,1500,100,8,0.04,8.0,1.0,0.6140350877192983,0.6440677966101694,0.6229508196721312,0.6333333333333333,0.7140426848128674,0.21717960182133242
2025-11-13T16:03:03.422192+00:00,2025-05-25,1500,100,8,0.05,3.0,1.0,0.6491228070175439,0.6842105263157895,0.639344262295082,0.6610169491525424,0.7186823383854005,0.21585722011710554
2025-11-13T16:03:08.317081+00:00,2025-05-25,1500,100,8,0.05,5.0,1.0,0.6140350877192983,0.6440677966101694,0.6229508196721312,0.6333333333333333,0.7162078564800495,0.21911641325169995
2025-11-13T16:03:12.830854+00:00,2025-05-25,1500,100,8,0.05,8.0,1.0,0.6666666666666666,0.6825396825396826,0.7049180327868853,0.6935483870967742,0.720228889576245,0.21837953354262596
2025-11-13T16:03:21.343304+00:00,2025-05-25,1500,100,11,0.03,3.0,1.0,0.631578947368421,0.6507936507936508,0.6721311475409836,0.6612903225806451,0.6818744200433033,0.22454781784585956
2025-11-13T16:03:30.155599+00:00,2025-05-25,1500,100,11,0.03,5.0,1.0,0.631578947368421,0.6666666666666666,0.6229508196721312,0.6440677966101694,0.6880606248066811,0.2227140792034309
2025-11-13T16:03:38.928336+00:00,2025-05-25,1500,100,11,0.03,8.0,1.0,0.6491228070175439,0.6779661016949152,0.6557377049180327,0.6666666666666666,0.6772347664707701,0.22177841555149838
2025-11-13T16:03:46.713222+00:00,2025-05-25,1500,100,11,0.04,3.0,1.0,0.6228070175438597,0.640625,0.6721311475409836,0.656,0.6753789050417569,0.22477208017757688
2025-11-13T16:04:04.238509+00:00,2025-05-25,1500,100,11,0.04,5.0,1.0,0.5877192982456141,0.6206896551724138,0.5901639344262295,0.6050420168067226,0.6868233838540057,0.22307579932882765
2025-11-13T16:04:12.317178+00:00,2025-05-25,1500,100,11,0.04,8.0,1.0,0.6403508771929824,0.6666666666666666,0.6557377049180327,0.6611570247933884,0.712186823383854,0.21906074961293692
2025-11-13T16:04:19.838645+00:00,2025-05-25,1500,100,11,0.05,3.0,1.0,0.6228070175438597,0.640625,0.6721311475409836,0.656,0.6877513145685122,0.22217487141117728
2025-11-13T16:04:27.552879+00:00,2025-05-25,1500,100,11,0.05,5.0,1.0,0.631578947368421,0.6507936507936508,0.6721311475409836,0.6612903225806451,0.6753789050417569,0.22586143112743248
2025-11-13T16:04:39.223939+00:00,2025-05-25,1500,100,11,0.05,8.0,1.0,0.6052631578947368,0.625,0.6557377049180327,0.64,0.677853386947108,0.2217922424432376
2025-11-13T16:04:57.070450+00:00,2025-05-25,1500,100,13,0.03,3.0,1.0,0.5877192982456141,0.6060606060606061,0.6557377049180327,0.6299212598425197,0.6314568512217754,0.23184272979191875
2025-11-13T16:05:20.208500+00:00,2025-05-25,1500,100,13,0.03,5.0,1.0,0.6140350877192983,0.6307692307692307,0.6721311475409836,0.6507936507936508,0.6729044231364059,0.2244051667271465
2025-11-13T16:05:40.603815+00:00,2025-05-25,1500,100,13,0.03,8.0,1.0,0.6228070175438597,0.640625,0.6721311475409836,0.656,0.7066192390968141,0.21838555172426286
2025-11-13T16:05:57.949300+00:00,2025-05-25,1500,100,13,0.04,3.0,1.0,0.6140350877192983,0.6307692307692307,0.6721311475409836,0.6507936507936508,0.6741416640890814,0.22608342876750478
2025-11-13T16:06:13.037233+00:00,2025-05-25,1500,100,13,0.04,5.0,1.0,0.6403508771929824,0.6515151515151515,0.7049180327868853,0.6771653543307087,0.6831116609959791,0.22508931634820378
2025-11-13T16:06:29.240309+00:00,2025-05-25,1500,100,13,0.04,8.0,1.0,0.631578947368421,0.6461538461538462,0.6885245901639344,0.6666666666666666,0.68836993504485,0.22347845478140962
2025-11-13T16:06:47.069219+00:00,2025-05-25,1500,100,13,0.05,3.0,1.0,0.6666666666666666,0.6666666666666666,0.7540983606557377,0.7076923076923077,0.6821837302814724,0.22518390899522983
2025-11-13T16:07:02.647512+00:00,2025-05-25,1500,100,13,0.05,5.0,1.0,0.6052631578947368,0.6142857142857143,0.7049180327868853,0.6564885496183206,0.6880606248066811,0.22382101467655136
2025-11-13T16:07:19.842162+00:00,2025-05-25,1500,100,13,0.05,8.0,1.0,0.631578947368421,0.6507936507936508,0.6721311475409836,0.6612903225806451,0.6673368388493658,0.22372028534205718
2025-11-13T16:07:26.790733+00:00,2025-05-25,1500,200,5,0.03,3.0,1.0,0.6754385964912281,0.6764705882352942,0.7540983606557377,0.7131782945736435,0.7304361274358181,0.2124023653453005
2025-11-13T16:07:41.651926+00:00,2025-05-25,1500,200,5,0.03,5.0,1.0,0.6052631578947368,0.6333333333333333,0.6229508196721312,0.628099173553719,0.7189916486235695,0.21305932335487038
2025-11-13T16:07:48.542860+00:00,2025-05-25,1500,200,5,0.03,8.0,1.0,0.6754385964912281,0.6764705882352942,0.7540983606557377,0.7131782945736435,0.7301268171976492,0.21241026751172795
2025-11-13T16:08:00.202235+00:00,2025-05-25,1500,200,5,0.04,3.0,1.0,0.6491228070175439,0.6567164179104478,0.7213114754098361,0.6875,0.7375502629137024,0.20851425178690713
2025-11-13T16:08:08.363848+00:00,2025-05-25,1500,200,5,0.04,5.0,1.0,0.6578947368421053,0.6617647058823529,0.7377049180327869,0.6976744186046512,0.723012681719765,0.21224900820981607
2025-11-13T16:08:15.461119+00:00,2025-05-25,1500,200,5,0.04,8.0,1.0,0.6842105263157895,0.676056338028169,0.7868852459016393,0.7272727272727273,0.7350757810083514,0.2108415776721478
2025-11-13T16:08:21.655301+00:00,2025-05-25,1500,200,5,0.05,3.0,1.0,0.6666666666666666,0.6575342465753424,0.7868852459016393,0.7164179104477612,0.7347664707701824,0.209709689213208
2025-11-13T16:08:28.091172+00:00,2025-05-25,1500,200,5,0.05,5.0,1.0,0.6754385964912281,0.6764705882352942,0.7540983606557377,0.7131782945736435,0.7295081967213115,0.21185184295950873
2025-11-13T16:08:33.846015+00:00,2025-05-25,1500,200,5,0.05,8.0,1.0,0.6842105263157895,0.676056338028169,0.7868852459016393,0.7272727272727273,0.7295081967213115,0.21244914744605636
2025-11-13T16:08:48.966016+00:00,2025-05-25,1500,200,8,0.03,3.0,1.0,0.6140350877192983,0.639344262295082,0.639344262295082,0.639344262295082,0.6982678626662543,0.21646816464400712
2025-11-13T16:09:01.516422+00:00,2025-05-25,1500,200,8,0.03,5.0,1.0,0.6052631578947368,0.6333333333333333,0.6229508196721312,0.628099173553719,0.6973399319517476,0.21883494716372043
2025-11-13T16:09:13.216324+00:00,2025-05-25,1500,200,8,0.03,8.0,1.0,0.6228070175438597,0.6551724137931034,0.6229508196721312,0.6386554621848739,0.7063099288586453,0.21788246205105566
2025-11-13T16:09:32.252411+00:00,2025-05-25,1500,200,8,0.04,3.0,1.0,0.6666666666666666,0.6666666666666666,0.7540983606557377,0.7076923076923077,0.7131147540983607,0.21410670893032827
2025-11-13T16:09:41.262448+00:00,2025-05-25,1500,200,8,0.04,5.0,1.0,0.6578947368421053,0.6774193548387096,0.6885245901639344,0.6829268292682927,0.7060006186204763,0.21790192079688128
2025-11-13T16:09:50.729855+00:00,2025-05-25,1500,200,8,0.04,8.0,1.0,0.6140350877192983,0.6440677966101694,0.6229508196721312,0.6333333333333333,0.7140426848128674,0.21717960182133242
2025-11-13T16:09:59.613504+00:00,2025-05-25,1500,200,8,0.05,3.0,1.0,0.6491228070175439,0.6842105263157895,0.639344262295082,0.6610169491525424,0.7186823383854005,0.21585722011710554
2025-11-13T16:10:08.345873+00:00,2025-05-25,1500,200,8,0.05,5.0,1.0,0.6140350877192983,0.6440677966101694,0.6229508196721312,0.6333333333333333,0.7162078564800495,0.21911641325169995
2025-11-13T16:10:22.817604+00:00,2025-05-25,1500,200,8,0.05,8.0,1.0,0.5877192982456141,0.609375,0.639344262295082,0.624,0.6948654500463964,0.21971275496193823
2025-11-13T16:10:37.680899+00:00,2025-05-25,1500,200,11,0.03,3.0,1.0,0.631578947368421,0.6507936507936508,0.6721311475409836,0.6612903225806451,0.6818744200433033,0.22454781784585956
2025-11-13T16:10:52.616091+00:00,2025-05-25,1500,200,11,0.03,5.0,1.0,0.631578947368421,0.6666666666666666,0.6229508196721312,0.6440677966101694,0.6880606248066811,0.2227140792034309
2025-11-13T16:11:07.754915+00:00,2025-05-25,1500,200,11,0.03,8.0,1.0,0.6491228070175439,0.6779661016949152,0.6557377049180327,0.6666666666666666,0.6772347664707701,0.22177841555149838
2025-11-13T16:11:21.760603+00:00,2025-05-25,1500,200,11,0.04,3.0,1.0,0.6228070175438597,0.640625,0.6721311475409836,0.656,0.6753789050417569,0.22477208017757688
2025-11-13T16:11:46.259328+00:00,2025-05-25,1500,200,11,0.04,5.0,1.0,0.5877192982456141,0.6206896551724138,0.5901639344262295,0.6050420168067226,0.6868233838540057,0.22307579932882765
2025-11-13T16:12:00.392510+00:00,2025-05-25,1500,200,11,0.04,8.0,1.0,0.6403508771929824,0.6666666666666666,0.6557377049180327,0.6611570247933884,0.712186823383854,0.21906074961293692
2025-11-13T16:12:14.162886+00:00,2025-05-25,1500,200,11,0.05,3.0,1.0,0.6228070175438597,0.640625,0.6721311475409836,0.656,0.6877513145685122,0.22217487141117728
2025-11-13T16:12:28.420159+00:00,2025-05-25,1500,200,11,0.05,5.0,1.0,0.631578947368421,0.6507936507936508,0.6721311475409836,0.6612903225806451,0.6753789050417569,0.22586143112743248
2025-11-13T16:12:46.369849+00:00,2025-05-25,1500,200,11,0.05,8.0,1.0,0.6052631578947368,0.625,0.6557377049180327,0.64,0.677853386947108,0.2217922424432376
2025-11-13T16:13:16.418445+00:00,2025-05-25,1500,200,13,0.03,3.0,1.0,0.5877192982456141,0.6060606060606061,0.6557377049180327,0.6299212598425197,0.6314568512217754,0.23184272979191875
2025-11-13T16:13:53.138809+00:00,2025-05-25,1500,200,13,0.03,5.0,1.0,0.6140350877192983,0.6307692307692307,0.6721311475409836,0.6507936507936508,0.6729044231364059,0.2244051667271465
2025-11-13T16:14:26.741031+00:00,2025-05-25,1500,200,13,0.03,8.0,1.0,0.6228070175438597,0.640625,0.6721311475409836,0.656,0.7066192390968141,0.21838555172426286
2025-11-13T16:14:57.760028+00:00,2025-05-25,1500,200,13,0.04,3.0,1.0,0.6140350877192983,0.6307692307692307,0.6721311475409836,0.6507936507936508,0.6741416640890814,0.22608342876750478
2025-11-13T16:15:25.556002+00:00,2025-05-25,1500,200,13,0.04,5.0,1.0,0.6403508771929824,0.6515151515151515,0.7049180327868853,0.6771653543307087,0.6831116609959791,0.22508931634820378
2025-11-13T16:15:55.793043+00:00,2025-05-25,1500,200,13,0.04,8.0,1.0,0.631578947368421,0.6461538461538462,0.6885245901639344,0.6666666666666666,0.68836993504485,0.22347845478140962
2025-11-13T16:16:27.397840+00:00,2025-05-25,1500,200,13,0.05,3.0,1.0,0.6666666666666666,0.6666666666666666,0.7540983606557377,0.7076923076923077,0.6821837302814724,0.22518390899522983
2025-11-13T16:16:56.907841+00:00,2025-05-25,1500,200,13,0.05,5.0,1.0,0.6052631578947368,0.6142857142857143,0.7049180327868853,0.6564885496183206,0.6880606248066811,0.22382101467655136
2025-11-13T16:17:28.235827+00:00,2025-05-25,1500,200,13,0.05,8.0,1.0,0.631578947368421,0.6507936507936508,0.6721311475409836,0.6612903225806451,0.6673368388493658,0.22372028534205718
2025-11-13T16:17:43.566750+00:00,2025-05-25,1500,300,5,0.03,3.0,1.0,0.6228070175438597,0.6551724137931034,0.6229508196721312,0.6386554621848739,0.7239406124342715,0.2132747208119186
2025-11-13T16:18:00.662146+00:00,2025-05-25,1500,300,5,0.03,5.0,1.0,0.6052631578947368,0.6333333333333333,0.6229508196721312,0.628099173553719,0.7189916486235695,0.21305932335487038
2025-11-13T16:18:09.867267+00:00,2025-05-25,1500,300,5,0.03,8.0,1.0,0.6754385964912281,0.6764705882352942,0.7540983606557377,0.7131782945736435,0.7301268171976492,0.21241026751172795
2025-11-13T16:18:23.771947+00:00,2025-05-25,1500,300,5,0.04,3.0,1.0,0.6491228070175439,0.6567164179104478,0.7213114754098361,0.6875,0.7375502629137024,0.20851425178690713
2025-11-13T16:18:34.425886+00:00,2025-05-25,1500,300,5,0.04,5.0,1.0,0.6578947368421053,0.6617647058823529,0.7377049180327869,0.6976744186046512,0.723012681719765,0.21224900820981607
2025-11-13T16:18:43.777544+00:00,2025-05-25,1500,300,5,0.04,8.0,1.0,0.6842105263157895,0.676056338028169,0.7868852459016393,0.7272727272727273,0.7350757810083514,0.2108415776721478
2025-11-13T16:18:52.148418+00:00,2025-05-25,1500,300,5,0.05,3.0,1.0,0.6666666666666666,0.6575342465753424,0.7868852459016393,0.7164179104477612,0.7347664707701824,0.209709689213208
2025-11-13T16:19:00.542330+00:00,2025-05-25,1500,300,5,0.05,5.0,1.0,0.6754385964912281,0.6764705882352942,0.7540983606557377,0.7131782945736435,0.7295081967213115,0.21185184295950873
2025-11-13T16:19:08.488280+00:00,2025-05-25,1500,300,5,0.05,8.0,1.0,0.6842105263157895,0.676056338028169,0.7868852459016393,0.7272727272727273,0.7295081967213115,0.21244914744605636
2025-11-13T16:19:27.403026+00:00,2025-05-25,1500,300,8,0.03,3.0,1.0,0.6140350877192983,0.639344262295082,0.639344262295082,0.639344262295082,0.6982678626662543,0.21646816464400712
2025-11-13T16:19:43.604272+00:00,2025-05-25,1500,300,8,0.03,5.0,1.0,0.6052631578947368,0.6333333333333333,0.6229508196721312,0.628099173553719,0.6973399319517476,0.21883494716372043
2025-11-13T16:19:58.770636+00:00,2025-05-25,1500,300,8,0.03,8.0,1.0,0.6228070175438597,0.6551724137931034,0.6229508196721312,0.6386554621848739,0.7063099288586453,0.21788246205105566
2025-11-13T16:20:20.940690+00:00,2025-05-25,1500,300,8,0.04,3.0,1.0,0.6666666666666666,0.6666666666666666,0.7540983606557377,0.7076923076923077,0.7131147540983607,0.21410670893032827
2025-11-13T16:20:33.260447+00:00,2025-05-25,1500,300,8,0.04,5.0,1.0,0.6578947368421053,0.6774193548387096,0.6885245901639344,0.6829268292682927,0.7060006186204763,0.21790192079688128
2025-11-13T16:20:46.041736+00:00,2025-05-25,1500,300,8,0.04,8.0,1.0,0.6140350877192983,0.6440677966101694,0.6229508196721312,0.6333333333333333,0.7140426848128674,0.21717960182133242
2025-11-13T16:20:58.453198+00:00,2025-05-25,1500,300,8,0.05,3.0,1.0,0.6491228070175439,0.6842105263157895,0.639344262295082,0.6610169491525424,0.7186823383854005,0.21585722011710554
2025-11-13T16:21:10.469642+00:00,2025-05-25,1500,300,8,0.05,5.0,1.0,0.6140350877192983,0.6440677966101694,0.6229508196721312,0.6333333333333333,0.7162078564800495,0.21911641325169995
2025-11-13T16:21:28.065765+00:00,2025-05-25,1500,300,8,0.05,8.0,1.0,0.5877192982456141,0.609375,0.639344262295082,0.624,0.6948654500463964,0.21971275496193823
2025-11-13T16:21:49.287570+00:00,2025-05-25,1500,300,11,0.03,3.0,1.0,0.631578947368421,0.6507936507936508,0.6721311475409836,0.6612903225806451,0.6818744200433033,0.22454781784585956
2025-11-13T16:22:09.674393+00:00,2025-05-25,1500,300,11,0.03,5.0,1.0,0.631578947368421,0.6666666666666666,0.6229508196721312,0.6440677966101694,0.6880606248066811,0.2227140792034309
2025-11-13T16:22:31.198254+00:00,2025-05-25,1500,300,11,0.03,8.0,1.0,0.6491228070175439,0.6779661016949152,0.6557377049180327,0.6666666666666666,0.6772347664707701,0.22177841555149838
2025-11-13T16:22:51.187557+00:00,2025-05-25,1500,300,11,0.04,3.0,1.0,0.6228070175438597,0.640625,0.6721311475409836,0.656,0.6753789050417569,0.22477208017757688
2025-11-13T16:23:21.558959+00:00,2025-05-25,1500,300,11,0.04,5.0,1.0,0.5877192982456141,0.6206896551724138,0.5901639344262295,0.6050420168067226,0.6868233838540057,0.22307579932882765
2025-11-13T16:23:42.154382+00:00,2025-05-25,1500,300,11,0.04,8.0,1.0,0.6403508771929824,0.6666666666666666,0.6557377049180327,0.6611570247933884,0.712186823383854,0.21906074961293692
2025-11-13T16:24:02.222376+00:00,2025-05-25,1500,300,11,0.05,3.0,1.0,0.6228070175438597,0.640625,0.6721311475409836,0.656,0.6877513145685122,0.22217487141117728
2025-11-13T16:24:22.473094+00:00,2025-05-25,1500,300,11,0.05,5.0,1.0,0.631578947368421,0.6507936507936508,0.6721311475409836,0.6612903225806451,0.6753789050417569,0.22586143112743248
2025-11-13T16:24:46.875569+00:00,2025-05-25,1500,300,11,0.05,8.0,1.0,0.6052631578947368,0.625,0.6557377049180327,0.64,0.677853386947108,0.2217922424432376
2025-11-13T16:25:30.857836+00:00,2025-05-25,1500,300,13,0.03,3.0,1.0,0.5877192982456141,0.6060606060606061,0.6557377049180327,0.6299212598425197,0.6314568512217754,0.23184272979191875
2025-11-13T16:26:22.524658+00:00,2025-05-25,1500,300,13,0.03,5.0,1.0,0.6140350877192983,0.6307692307692307,0.6721311475409836,0.6507936507936508,0.6729044231364059,0.2244051667271465
2025-11-13T16:27:10.461523+00:00,2025-05-25,1500,300,13,0.03,8.0,1.0,0.6228070175438597,0.640625,0.6721311475409836,0.656,0.7066192390968141,0.21838555172426286
2025-11-13T16:27:55.320559+00:00,2025-05-25,1500,300,13,0.04,3.0,1.0,0.6140350877192983,0.6307692307692307,0.6721311475409836,0.6507936507936508,0.6741416640890814,0.22608342876750478
2025-11-13T16:28:37.577279+00:00,2025-05-25,1500,300,13,0.04,5.0,1.0,0.6403508771929824,0.6515151515151515,0.7049180327868853,0.6771653543307087,0.6831116609959791,0.22508931634820378
2025-11-13T16:29:21.422435+00:00,2025-05-25,1500,300,13,0.04,8.0,1.0,0.631578947368421,0.6461538461538462,0.6885245901639344,0.6666666666666666,0.68836993504485,0.22347845478140962
2025-11-13T16:30:08.348504+00:00,2025-05-25,1500,300,13,0.05,3.0,1.0,0.6666666666666666,0.6666666666666666,0.7540983606557377,0.7076923076923077,0.6821837302814724,0.22518390899522983
2025-11-13T16:30:52.810657+00:00,2025-05-25,1500,300,13,0.05,5.0,1.0,0.6052631578947368,0.6142857142857143,0.7049180327868853,0.6564885496183206,0.6880606248066811,0.22382101467655136
2025-11-13T16:31:37.469144+00:00,2025-05-25,1500,300,13,0.05,8.0,1.0,0.631578947368421,0.6507936507936508,0.6721311475409836,0.6612903225806451,0.6673368388493658,0.22372028534205718
2025-11-13T16:31:42.156897+00:00,2025-05-25,2000,100,5,0.03,3.0,1.0,0.6754385964912281,0.6764705882352942,0.7540983606557377,0.7131782945736435,0.7304361274358181,0.2124023653453005
2025-11-13T16:31:50.295608+00:00,2025-05-25,2000,100,5,0.03,5.0,1.0,0.6403508771929824,0.65625,0.6885245901639344,0.672,0.7196102690999072,0.2127779718699488
2025-11-13T16:31:54.970824+00:00,2025-05-25,2000,100,5,0.03,8.0,1.0,0.6754385964912281,0.6764705882352942,0.7540983606557377,0.7131782945736435,0.7301268171976492,0.21241026751172795
2025-11-13T16:32:04.387468+00:00,2025-05-25,2000,100,5,0.04,3.0,1.0,0.6491228070175439,0.6567164179104478,0.7213114754098361,0.6875,0.7375502629137024,0.20851425178690713
2025-11-13T16:32:10.264829+00:00,2025-05-25,2000,100,5,0.04,5.0,1.0,0.6578947368421053,0.6617647058823529,0.7377049180327869,0.6976744186046512,0.723012681719765,0.21224900820981607
2025-11-13T16:32:15.157877+00:00,2025-05-25,2000,100,5,0.04,8.0,1.0,0.6842105263157895,0.676056338028169,0.7868852459016393,0.7272727272727273,0.7350757810083514,0.2108415776721478
2025-11-13T16:32:19.131063+00:00,2025-05-25,2000,100,5,0.05,3.0,1.0,0.6666666666666666,0.6575342465753424,0.7868852459016393,0.7164179104477612,0.7347664707701824,0.209709689213208
2025-11-13T16:32:23.038926+00:00,2025-05-25,2000,100,5,0.05,5.0,1.0,0.6754385964912281,0.6764705882352942,0.7540983606557377,0.7131782945736435,0.7295081967213115,0.21185184295950873
2025-11-13T16:32:26.758971+00:00,2025-05-25,2000,100,5,0.05,8.0,1.0,0.6842105263157895,0.676056338028169,0.7868852459016393,0.7272727272727273,0.7295081967213115,0.21244914744605636
2025-11-13T16:32:38.301295+00:00,2025-05-25,2000,100,8,0.03,3.0,1.0,0.6140350877192983,0.639344262295082,0.639344262295082,0.639344262295082,0.6982678626662543,0.21646816464400712
2025-11-13T16:32:47.116428+00:00,2025-05-25,2000,100,8,0.03,5.0,1.0,0.6052631578947368,0.6333333333333333,0.6229508196721312,0.628099173553719,0.6973399319517476,0.21883494716372043
2025-11-13T16:32:55.108347+00:00,2025-05-25,2000,100,8,0.03,8.0,1.0,0.6228070175438597,0.6551724137931034,0.6229508196721312,0.6386554621848739,0.7063099288586453,0.21788246205105566
2025-11-13T16:33:09.940502+00:00,2025-05-25,2000,100,8,0.04,3.0,1.0,0.6666666666666666,0.6666666666666666,0.7540983606557377,0.7076923076923077,0.7131147540983607,0.21410670893032827
2025-11-13T16:33:15.095941+00:00,2025-05-25,2000,100,8,0.04,5.0,1.0,0.6578947368421053,0.6774193548387096,0.6885245901639344,0.6829268292682927,0.7060006186204763,0.21790192079688128
2025-11-13T16:33:20.487988+00:00,2025-05-25,2000,100,8,0.04,8.0,1.0,0.6140350877192983,0.6440677966101694,0.6229508196721312,0.6333333333333333,0.7140426848128674,0.21717960182133242
2025-11-13T16:33:25.572325+00:00,2025-05-25,2000,100,8,0.05,3.0,1.0,0.6491228070175439,0.6842105263157895,0.639344262295082,0.6610169491525424,0.7186823383854005,0.21585722011710554
2025-11-13T16:33:30.554797+00:00,2025-05-25,2000,100,8,0.05,5.0,1.0,0.6140350877192983,0.6440677966101694,0.6229508196721312,0.6333333333333333,0.7162078564800495,0.21911641325169995
2025-11-13T16:33:35.010943+00:00,2025-05-25,2000,100,8,0.05,8.0,1.0,0.6666666666666666,0.6825396825396826,0.7049180327868853,0.6935483870967742,0.720228889576245,0.21837953354262596
2025-11-13T16:33:43.422401+00:00,2025-05-25,2000,100,11,0.03,3.0,1.0,0.631578947368421,0.6507936507936508,0.6721311475409836,0.6612903225806451,0.6818744200433033,0.22454781784585956
2025-11-13T16:33:52.074835+00:00,2025-05-25,2000,100,11,0.03,5.0,1.0,0.631578947368421,0.6666666666666666,0.6229508196721312,0.6440677966101694,0.6880606248066811,0.2227140792034309
2025-11-13T16:34:00.953985+00:00,2025-05-25,2000,100,11,0.03,8.0,1.0,0.6491228070175439,0.6779661016949152,0.6557377049180327,0.6666666666666666,0.6772347664707701,0.22177841555149838
2025-11-13T16:34:08.750084+00:00,2025-05-25,2000,100,11,0.04,3.0,1.0,0.6228070175438597,0.640625,0.6721311475409836,0.656,0.6753789050417569,0.22477208017757688
2025-11-13T16:34:26.491154+00:00,2025-05-25,2000,100,11,0.04,5.0,1.0,0.5877192982456141,0.6206896551724138,0.5901639344262295,0.6050420168067226,0.6868233838540057,0.22307579932882765
2025-11-13T16:34:34.742542+00:00,2025-05-25,2000,100,11,0.04,8.0,1.0,0.6403508771929824,0.6666666666666666,0.6557377049180327,0.6611570247933884,0.712186823383854,0.21906074961293692
2025-11-13T16:34:42.336212+00:00,2025-05-25,2000,100,11,0.05,3.0,1.0,0.6228070175438597,0.640625,0.6721311475409836,0.656,0.6877513145685122,0.22217487141117728
2025-11-13T16:34:49.971061+00:00,2025-05-25,2000,100,11,0.05,5.0,1.0,0.631578947368421,0.6507936507936508,0.6721311475409836,0.6612903225806451,0.6753789050417569,0.22586143112743248
2025-11-13T16:35:01.687800+00:00,2025-05-25,2000,100,11,0.05,8.0,1.0,0.6052631578947368,0.625,0.6557377049180327,0.64,0.677853386947108,0.2217922424432376
2025-11-13T16:35:19.460408+00:00,2025-05-25,2000,100,13,0.03,3.0,1.0,0.5877192982456141,0.6060606060606061,0.6557377049180327,0.6299212598425197,0.6314568512217754,0.23184272979191875
2025-11-13T16:35:42.604644+00:00,2025-05-25,2000,100,13,0.03,5.0,1.0,0.6140350877192983,0.6307692307692307,0.6721311475409836,0.6507936507936508,0.6729044231364059,0.2244051667271465
2025-11-13T16:36:03.070271+00:00,2025-05-25,2000,100,13,0.03,8.0,1.0,0.6228070175438597,0.640625,0.6721311475409836,0.656,0.7066192390968141,0.21838555172426286
2025-11-13T16:36:19.807466+00:00,2025-05-25,2000,100,13,0.04,3.0,1.0,0.6140350877192983,0.6307692307692307,0.6721311475409836,0.6507936507936508,0.6741416640890814,0.22608342876750478
2025-11-13T16:36:34.875094+00:00,2025-05-25,2000,100,13,0.04,5.0,1.0,0.6403508771929824,0.6515151515151515,0.7049180327868853,0.6771653543307087,0.6831116609959791,0.22508931634820378
2025-11-13T16:36:51.257205+00:00,2025-05-25,2000,100,13,0.04,8.0,1.0,0.631578947368421,0.6461538461538462,0.6885245901639344,0.6666666666666666,0.68836993504485,0.22347845478140962
2025-11-13T16:37:08.842550+00:00,2025-05-25,2000,100,13,0.05,3.0,1.0,0.6666666666666666,0.6666666666666666,0.7540983606557377,0.7076923076923077,0.6821837302814724,0.22518390899522983
2025-11-13T16:37:24.319283+00:00,2025-05-25,2000,100,13,0.05,5.0,1.0,0.6052631578947368,0.6142857142857143,0.7049180327868853,0.6564885496183206,0.6880606248066811,0.22382101467655136
2025-11-13T16:37:41.810538+00:00,2025-05-25,2000,100,13,0.05,8.0,1.0,0.631578947368421,0.6507936507936508,0.6721311475409836,0.6612903225806451,0.6673368388493658,0.22372028534205718
2025-11-13T16:37:48.474751+00:00,2025-05-25,2000,200,5,0.03,3.0,1.0,0.6754385964912281,0.6764705882352942,0.7540983606557377,0.7131782945736435,0.7304361274358181,0.2124023653453005
2025-11-13T16:38:03.600882+00:00,2025-05-25,2000,200,5,0.03,5.0,1.0,0.6052631578947368,0.6333333333333333,0.6229508196721312,0.628099173553719,0.7189916486235695,0.21305932335487038
2025-11-13T16:38:10.683186+00:00,2025-05-25,2000,200,5,0.03,8.0,1.0,0.6754385964912281,0.6764705882352942,0.7540983606557377,0.7131782945736435,0.7301268171976492,0.21241026751172795
2025-11-13T16:38:22.505381+00:00,2025-05-25,2000,200,5,0.04,3.0,1.0,0.6491228070175439,0.6567164179104478,0.7213114754098361,0.6875,0.7375502629137024,0.20851425178690713
2025-11-13T16:38:31.034982+00:00,2025-05-25,2000,200,5,0.04,5.0,1.0,0.6578947368421053,0.6617647058823529,0.7377049180327869,0.6976744186046512,0.723012681719765,0.21224900820981607
2025-11-13T16:38:38.300611+00:00,2025-05-25,2000,200,5,0.04,8.0,1.0,0.6842105263157895,0.676056338028169,0.7868852459016393,0.7272727272727273,0.7350757810083514,0.2108415776721478
2025-11-13T16:38:44.589746+00:00,2025-05-25,2000,200,5,0.05,3.0,1.0,0.6666666666666666,0.6575342465753424,0.7868852459016393,0.7164179104477612,0.7347664707701824,0.209709689213208
2025-11-13T16:38:50.815849+00:00,2025-05-25,2000,200,5,0.05,5.0,1.0,0.6754385964912281,0.6764705882352942,0.7540983606557377,0.7131782945736435,0.7295081967213115,0.21185184295950873
2025-11-13T16:38:56.608177+00:00,2025-05-25,2000,200,5,0.05,8.0,1.0,0.6842105263157895,0.676056338028169,0.7868852459016393,0.7272727272727273,0.7295081967213115,0.21244914744605636
2025-11-13T16:39:11.915692+00:00,2025-05-25,2000,200,8,0.03,3.0,1.0,0.6140350877192983,0.639344262295082,0.639344262295082,0.639344262295082,0.6982678626662543,0.21646816464400712
2025-11-13T16:39:24.641718+00:00,2025-05-25,2000,200,8,0.03,5.0,1.0,0.6052631578947368,0.6333333333333333,0.6229508196721312,0.628099173553719,0.6973399319517476,0.21883494716372043
2025-11-13T16:39:36.468458+00:00,2025-05-25,2000,200,8,0.03,8.0,1.0,0.6228070175438597,0.6551724137931034,0.6229508196721312,0.6386554621848739,0.7063099288586453,0.21788246205105566
2025-11-13T16:39:55.471210+00:00,2025-05-25,2000,200,8,0.04,3.0,1.0,0.6666666666666666,0.6666666666666666,0.7540983606557377,0.7076923076923077,0.7131147540983607,0.21410670893032827
2025-11-13T16:40:04.393481+00:00,2025-05-25,2000,200,8,0.04,5.0,1.0,0.6578947368421053,0.6774193548387096,0.6885245901639344,0.6829268292682927,0.7060006186204763,0.21790192079688128
2025-11-13T16:40:13.652019+00:00,2025-05-25,2000,200,8,0.04,8.0,1.0,0.6140350877192983,0.6440677966101694,0.6229508196721312,0.6333333333333333,0.7140426848128674,0.21717960182133242
2025-11-13T16:40:22.445391+00:00,2025-05-25,2000,200,8,0.05,3.0,1.0,0.6491228070175439,0.6842105263157895,0.639344262295082,0.6610169491525424,0.7186823383854005,0.21585722011710554
2025-11-13T16:40:31.088112+00:00,2025-05-25,2000,200,8,0.05,5.0,1.0,0.6140350877192983,0.6440677966101694,0.6229508196721312,0.6333333333333333,0.7162078564800495,0.21911641325169995
2025-11-13T16:40:45.455477+00:00,2025-05-25,2000,200,8,0.05,8.0,1.0,0.5877192982456141,0.609375,0.639344262295082,0.624,0.6948654500463964,0.21971275496193823
2025-11-13T16:41:00.639781+00:00,2025-05-25,2000,200,11,0.03,3.0,1.0,0.631578947368421,0.6507936507936508,0.6721311475409836,0.6612903225806451,0.6818744200433033,0.22454781784585956
2025-11-13T16:41:15.094956+00:00,2025-05-25,2000,200,11,0.03,5.0,1.0,0.631578947368421,0.6666666666666666,0.6229508196721312,0.6440677966101694,0.6880606248066811,0.2227140792034309
2025-11-13T16:41:30.300523+00:00,2025-05-25,2000,200,11,0.03,8.0,1.0,0.6491228070175439,0.6779661016949152,0.6557377049180327,0.6666666666666666,0.6772347664707701,0.22177841555149838
2025-11-13T16:41:44.543760+00:00,2025-05-25,2000,200,11,0.04,3.0,1.0,0.6228070175438597,0.640625,0.6721311475409836,0.656,0.6753789050417569,0.22477208017757688
2025-11-13T16:42:08.796938+00:00,2025-05-25,2000,200,11,0.04,5.0,1.0,0.5877192982456141,0.6206896551724138,0.5901639344262295,0.6050420168067226,0.6868233838540057,0.22307579932882765
2025-11-13T16:42:23.173055+00:00,2025-05-25,2000,200,11,0.04,8.0,1.0,0.6403508771929824,0.6666666666666666,0.6557377049180327,0.6611570247933884,0.712186823383854,0.21906074961293692
2025-11-13T16:42:37.592457+00:00,2025-05-25,2000,200,11,0.05,3.0,1.0,0.6228070175438597,0.640625,0.6721311475409836,0.656,0.6877513145685122,0.22217487141117728
2025-11-13T16:42:51.566247+00:00,2025-05-25,2000,200,11,0.05,5.0,1.0,0.631578947368421,0.6507936507936508,0.6721311475409836,0.6612903225806451,0.6753789050417569,0.22586143112743248
2025-11-13T16:43:09.676046+00:00,2025-05-25,2000,200,11,0.05,8.0,1.0,0.6052631578947368,0.625,0.6557377049180327,0.64,0.677853386947108,0.2217922424432376
2025-11-13T16:43:40.206865+00:00,2025-05-25,2000,200,13,0.03,3.0,1.0,0.5877192982456141,0.6060606060606061,0.6557377049180327,0.6299212598425197,0.6314568512217754,0.23184272979191875
2025-11-13T16:44:17.792350+00:00,2025-05-25,2000,200,13,0.03,5.0,1.0,0.6140350877192983,0.6307692307692307,0.6721311475409836,0.6507936507936508,0.6729044231364059,0.2244051667271465
2025-11-13T16:44:51.514563+00:00,2025-05-25,2000,200,13,0.03,8.0,1.0,0.6228070175438597,0.640625,0.6721311475409836,0.656,0.7066192390968141,0.21838555172426286
2025-11-13T16:45:22.037340+00:00,2025-05-25,2000,200,13,0.04,3.0,1.0,0.6140350877192983,0.6307692307692307,0.6721311475409836,0.6507936507936508,0.6741416640890814,0.22608342876750478
2025-11-13T16:45:50.382904+00:00,2025-05-25,2000,200,13,0.04,5.0,1.0,0.6403508771929824,0.6515151515151515,0.7049180327868853,0.6771653543307087,0.6831116609959791,0.22508931634820378
2025-11-13T16:46:20.118375+00:00,2025-05-25,2000,200,13,0.04,8.0,1.0,0.631578947368421,0.6461538461538462,0.6885245901639344,0.6666666666666666,0.68836993504485,0.22347845478140962
2025-11-13T16:46:52.409393+00:00,2025-05-25,2000,200,13,0.05,3.0,1.0,0.6666666666666666,0.6666666666666666,0.7540983606557377,0.7076923076923077,0.6821837302814724,0.22518390899522983
2025-11-13T16:47:21.814831+00:00,2025-05-25,2000,200,13,0.05,5.0,1.0,0.6052631578947368,0.6142857142857143,0.7049180327868853,0.6564885496183206,0.6880606248066811,0.22382101467655136
2025-11-13T16:47:52.905044+00:00,2025-05-25,2000,200,13,0.05,8.0,1.0,0.631578947368421,0.6507936507936508,0.6721311475409836,0.6612903225806451,0.6673368388493658,0.22372028534205718
2025-11-13T16:48:08.180151+00:00,2025-05-25,2000,300,5,0.03,3.0,1.0,0.6228070175438597,0.6551724137931034,0.6229508196721312,0.6386554621848739,0.7239406124342715,0.2132747208119186
2025-11-13T16:48:26.112433+00:00,2025-05-25,2000,300,5,0.03,5.0,1.0,0.6052631578947368,0.6333333333333333,0.6229508196721312,0.628099173553719,0.7189916486235695,0.21305932335487038
2025-11-13T16:48:35.755657+00:00,2025-05-25,2000,300,5,0.03,8.0,1.0,0.6754385964912281,0.6764705882352942,0.7540983606557377,0.7131782945736435,0.7301268171976492,0.21241026751172795
2025-11-13T16:48:50.107808+00:00,2025-05-25,2000,300,5,0.04,3.0,1.0,0.6491228070175439,0.6567164179104478,0.7213114754098361,0.6875,0.7375502629137024,0.20851425178690713
2025-11-13T16:49:00.762571+00:00,2025-05-25,2000,300,5,0.04,5.0,1.0,0.6578947368421053,0.6617647058823529,0.7377049180327869,0.6976744186046512,0.723012681719765,0.21224900820981607
2025-11-13T16:49:10.432339+00:00,2025-05-25,2000,300,5,0.04,8.0,1.0,0.6842105263157895,0.676056338028169,0.7868852459016393,0.7272727272727273,0.7350757810083514,0.2108415776721478
2025-11-13T16:49:19.106127+00:00,2025-05-25,2000,300,5,0.05,3.0,1.0,0.6666666666666666,0.6575342465753424,0.7868852459016393,0.7164179104477612,0.7347664707701824,0.209709689213208
2025-11-13T16:49:27.734727+00:00,2025-05-25,2000,300,5,0.05,5.0,1.0,0.6754385964912281,0.6764705882352942,0.7540983606557377,0.7131782945736435,0.7295081967213115,0.21185184295950873
2025-11-13T16:49:35.932313+00:00,2025-05-25,2000,300,5,0.05,8.0,1.0,0.6842105263157895,0.676056338028169,0.7868852459016393,0.7272727272727273,0.7295081967213115,0.21244914744605636
2025-11-13T16:49:55.232218+00:00,2025-05-25,2000,300,8,0.03,3.0,1.0,0.6140350877192983,0.639344262295082,0.639344262295082,0.639344262295082,0.6982678626662543,0.21646816464400712
2025-11-13T16:50:11.669733+00:00,2025-05-25,2000,300,8,0.03,5.0,1.0,0.6052631578947368,0.6333333333333333,0.6229508196721312,0.628099173553719,0.6973399319517476,0.21883494716372043
2025-11-13T16:50:27.074315+00:00,2025-05-25,2000,300,8,0.03,8.0,1.0,0.6228070175438597,0.6551724137931034,0.6229508196721312,0.6386554621848739,0.7063099288586453,0.21788246205105566
2025-11-13T16:50:50.173555+00:00,2025-05-25,2000,300,8,0.04,3.0,1.0,0.6666666666666666,0.6666666666666666,0.7540983606557377,0.7076923076923077,0.7131147540983607,0.21410670893032827
2025-11-13T16:51:02.836098+00:00,2025-05-25,2000,300,8,0.04,5.0,1.0,0.6578947368421053,0.6774193548387096,0.6885245901639344,0.6829268292682927,0.7060006186204763,0.21790192079688128
2025-11-13T16:51:15.815067+00:00,2025-05-25,2000,300,8,0.04,8.0,1.0,0.6140350877192983,0.6440677966101694,0.6229508196721312,0.6333333333333333,0.7140426848128674,0.21717960182133242
2025-11-13T16:51:28.367936+00:00,2025-05-25,2000,300,8,0.05,3.0,1.0,0.6491228070175439,0.6842105263157895,0.639344262295082,0.6610169491525424,0.7186823383854005,0.21585722011710554
2025-11-13T16:51:40.898437+00:00,2025-05-25,2000,300,8,0.05,5.0,1.0,0.6140350877192983,0.6440677966101694,0.6229508196721312,0.6333333333333333,0.7162078564800495,0.21911641325169995
2025-11-13T16:51:59.300602+00:00,2025-05-25,2000,300,8,0.05,8.0,1.0,0.5877192982456141,0.609375,0.639344262295082,0.624,0.6948654500463964,0.21971275496193823
2025-11-13T16:52:20.608401+00:00,2025-05-25,2000,300,11,0.03,3.0,1.0,0.631578947368421,0.6507936507936508,0.6721311475409836,0.6612903225806451,0.6818744200433033,0.22454781784585956
2025-11-13T16:52:41.621929+00:00,2025-05-25,2000,300,11,0.03,5.0,1.0,0.631578947368421,0.6666666666666666,0.6229508196721312,0.6440677966101694,0.6880606248066811,0.2227140792034309
2025-11-13T16:53:02.894472+00:00,2025-05-25,2000,300,11,0.03,8.0,1.0,0.6491228070175439,0.6779661016949152,0.6557377049180327,0.6666666666666666,0.6772347664707701,0.22177841555149838
2025-11-13T16:53:23.067144+00:00,2025-05-25,2000,300,11,0.04,3.0,1.0,0.6228070175438597,0.640625,0.6721311475409836,0.656,0.6753789050417569,0.22477208017757688
2025-11-13T16:53:53.937214+00:00,2025-05-25,2000,300,11,0.04,5.0,1.0,0.5877192982456141,0.6206896551724138,0.5901639344262295,0.6050420168067226,0.6868233838540057,0.22307579932882765
2025-11-13T16:54:15.005958+00:00,2025-05-25,2000,300,11,0.04,8.0,1.0,0.6403508771929824,0.6666666666666666,0.6557377049180327,0.6611570247933884,0.712186823383854,0.21906074961293692
2025-11-13T16:54:36.139872+00:00,2025-05-25,2000,300,11,0.05,3.0,1.0,0.6228070175438597,0.640625,0.6721311475409836,0.656,0.6877513145685122,0.22217487141117728
2025-11-13T16:54:59.048867+00:00,2025-05-25,2000,300,11,0.05,5.0,1.0,0.631578947368421,0.6507936507936508,0.6721311475409836,0.6612903225806451,0.6753789050417569,0.22586143112743248
2025-11-13T16:55:25.559623+00:00,2025-05-25,2000,300,11,0.05,8.0,1.0,0.6052631578947368,0.625,0.6557377049180327,0.64,0.677853386947108,0.2217922424432376
2025-11-13T16:56:11.871333+00:00,2025-05-25,2000,300,13,0.03,3.0,1.0,0.5877192982456141,0.6060606060606061,0.6557377049180327,0.6299212598425197,0.6314568512217754,0.23184272979191875
2025-11-13T16:57:03.727734+00:00,2025-05-25,2000,300,13,0.03,5.0,1.0,0.6140350877192983,0.6307692307692307,0.6721311475409836,0.6507936507936508,0.6729044231364059,0.2244051667271465
2025-11-13T16:57:51.896355+00:00,2025-05-25,2000,300,13,0.03,8.0,1.0,0.6228070175438597,0.640625,0.6721311475409836,0.656,0.7066192390968141,0.21838555172426286
2025-11-13T16:58:37.329809+00:00,2025-05-25,2000,300,13,0.04,3.0,1.0,0.6140350877192983,0.6307692307692307,0.6721311475409836,0.6507936507936508,0.6741416640890814,0.22608342876750478
2025-11-13T16:59:19.611503+00:00,2025-05-25,2000,300,13,0.04,5.0,1.0,0.6403508771929824,0.6515151515151515,0.7049180327868853,0.6771653543307087,0.6831116609959791,0.22508931634820378
2025-11-13T17:00:05.112283+00:00,2025-05-25,2000,300,13,0.04,8.0,1.0,0.631578947368421,0.6461538461538462,0.6885245901639344,0.6666666666666666,0.68836993504485,0.22347845478140962
2025-11-13T17:00:52.686860+00:00,2025-05-25,2000,300,13,0.05,3.0,1.0,0.6666666666666666,0.6666666666666666,0.7540983606557377,0.7076923076923077,0.6821837302814724,0.22518390899522983
2025-11-13T17:01:36.613247+00:00,2025-05-25,2000,300,13,0.05,5.0,1.0,0.6052631578947368,0.6142857142857143,0.7049180327868853,0.6564885496183206,0.6880606248066811,0.22382101467655136
2025-11-13T17:02:22.153148+00:00,2025-05-25,2000,300,13,0.05,8.0,1.0,0.631578947368421,0.6507936507936508,0.6721311475409836,0.6612903225806451,0.6673368388493658,0.22372028534205718
